SMILES,IC50
COc1cc(/C=C/C(=O)NCCc2c[nH]c3ccc(O)cc23)ccc1O,216000.0
O=C(NCCc1c[nH]c2ccc(O)cc12)c1ccc(O)cc1O,42000.0
CC(C)=CCc1c(O)cc2c(c1O)C(=O)CC(c1ccc(O)c(O)c1CC=C(C)C)O2,750.0
C=CC(C)(C)c1cc(C2CC(=O)c3c(O)cc(O)c(CC=C(C)C)c3O2)c(O)cc1O,1000.0
O=C(/C=C/c1ccc(O)c(O)c1)NCCc1c[nH]c2ccc(O)cc12,28000.0
COc1ccc(/C=C/C(=O)NCCCNC(=O)/C=C/c2ccc(OC)c(O)c2)cc1O,46700.0
O=C(NCCc1c[nH]c2ccc(O)cc12)c1ccc(O)cc1,233000.0
Oc1cc(O)cc(OCc2ccc(F)cc2)c1,90000.0
Oc1cc(O)cc(OCc2cccc(Cl)c2)c1,54700.0
Oc1cc(O)cc(OCc2ccc(Cl)c(Cl)c2)c1,66400.0
OC[C@H]1O[C@@H](Oc2ccc(O)cc2)[C@H](O)[C@@H](O)[C@@H]1O,30260.0
COc1cc(C(=O)NCCc2c[nH]c3ccc(O)cc23)ccc1O,211000.0
O=C(NCCc1c[nH]c2ccc(O)cc12)c1ccccc1,333000.0
C/C(=C\Cc1c(O)ccc(C(=O)/C=C/c2ccc(O)cc2O)c1O)CO,4000.0
CCCC/C(=N\NC(N)=S)c1ccccc1,1200.0
O=C(/C=C/c1cccc(O)c1)NCCCNC(=O)/C=C/c1cccc(O)c1,40200.0
Oc1cc(O)cc(CCc2ccc(O)cc2O)c1,300.0
[O-][n+]1ccccc1O,19000.0
COc1ccc(/C=N/NC(N)=S)cc1,139000.0
NC(=S)Nc1ccccc1,1800.0
C=CC(C)(C)c1cc(C2CC(=O)c3c(cc(O)c(CC=C(C)C)c3O)O2)c(OC)cc1O,5000.0
C=CC(C)(C)c1cc(C2CC(=O)c3c(O)cc(O)c(CC=C(C)C)c3O2)c(OC)cc1O,5000.0
O=c1c(-c2ccc(O)c(O)c2)coc2cc(O)ccc12,5230.0
Oc1ccc(-c2nc(-c3ccc(F)cc3)c(-c3ccncc3)[nH]2)cc1,30.0
O=c1cc(CO)occ1O,61000.0
Oc1ccc2[nH]ccc2c1,68000.0
COc1cc(O)c(C(=O)/C=C/c2ccccc2)c(O)c1C,25000.0
CC(=O)NCCc1c[nH]c2ccc(O)cc12,311000.0
CC(C)=C/C=C1\O[C@@H]2CC(C)=CC(=O)[C@@H]2[C@]1(C)O,9000.0
O=C(NCCc1c[nH]c2ccc(O)cc12)c1ccc(O)c(O)c1,73000.0
Oc1cccc(/C=C/c2ccc(O)cc2O)c1,800.0
COc1cc(/C=C/C(=O)NCCCNC(=O)/C=C/c2ccc(O)c(OC)c2)ccc1O,65200.0
O=C(/C=C/c1ccc(O)cc1)NCCCNC(=O)/C=C/c1ccc(O)cc1,4600.0
C/C(=N\N=C(/N)S)c1ccccc1,2000.0
O=c1c(-c2ccc(O)cc2)coc2c(O)c(O)ccc12,11210.0
Cl.NC(Cc1ccc(=O)n(O)c1)C(=O)O,10030.0
O=C(/C=C/c1ccc(O)cc1O)c1ccc(O)cc1O,5000.0
C[S+]([O-])c1ccc(-c2nc(-c3ccc(F)cc3)c(-c3ccncc3)[nH]2)cc1,34.0
O=c1ccc(CO)cn1O,61250.0
NCCc1c[nH]c2ccc(O)cc12,550000.0
CC(C)=CCc1c(O)ccc(C(=O)/C=C/c2ccc(O)cc2O)c1O,3800.0
Oc1cc(O)cc(/C=C/c2ccc(O)cc2O)c1,1700.0
O=[N+]([O-])c1ccc(-c2nc(-c3ccc(F)cc3)c(-c3ccncc3)[nH]2)cc1,89.0
COc1cc(/C=C/C(=O)NCCCCNC(=O)/C=C/c2ccc(O)c(OC)c2)ccc1O,88400.0
NC(=S)N/N=C/c1ccccc1,10200.0
O=c1cc(/C=C/c2cc(=O)c(O)co2)occ1O,3630.0
CCCCCCCCn1cc(O)c(=O)cc1COC(=O)[C@@H](N)Cc1ccccc1,12600.0
C/C(=N/NC(N)=S)c1cnccn1,880.0
O=C1NC(=S)NC(=O)C1=Cc1cc(O)c(O)c(O)c1,7140.0
O=C1NC(=O)C(=Cc2ccc(O)cc2)C(=O)N1,13980.0
O=C1NC(=S)NC(=O)C1=Cc1ccc(O)c(O)c1O,95830.0
Cn1c2ccccc2c2cc(/C=C/C(=O)c3cccc(NC(=O)c4cccc(Cl)c4)c3)ccc21,48130.0
Cn1c2ccccc2c2cc(/C=C/C(=O)c3cccc(NC(=O)c4ccc(F)cc4)c3)ccc21,15060.0
Cn1c2ccccc2c2cc(/C=C/C(=O)c3cccc(NC(=O)C4CC4)c3)ccc21,80230.0
Cn1c2ccccc2c2cc(/C=C/C(=O)c3cccc(NC(=O)c4ccco4)c3)ccc21,60280.0
NC(=S)N/N=C/c1cccc(F)c1,9000.0
C/C(=N/NC(N)=S)c1ccc(C)cc1,270.0
COc1ccc(/C=C/C(=O)O)cc1,410000.0
O=C(Cc1ccc(O)cc1)c1ccc(O)cc1O,135910.0
CC(=O)OC[C@H]1O[C@@H](Oc2ccc(C=C3C(=O)NC(=O)NC3=O)cc2O)[C@H](OC(C)=O)[C@@H](OC(C)=O)[C@@H]1OC(C)=O,130000.0
C[C@H](CCc1ccc(O)cc1O)O[C@@H]1O[C@H](CO)[C@@H](O)[C@H](O)[C@H]1O,2300.0
C#C[C@]1(O)CC[C@H]2[C@@H]3CCC4=CC(=O)C=C[C@]4(C)[C@H]3CC[C@@]21C,7890.0
CC(C)(C)COC(=O)CCc1ccc(O)cc1O,180.0
CC(C)=CCc1c2c(c(O)c3c1O[C@H](c1ccc(O)cc1)CC3=O)C=CC(C)(C)O2,84100.0
COc1ccc(C(=O)NCc2ccc(O)cc2O)c(O)c1,300.0
NC(=S)N/N=C\c1ccc(O[C@@H]2O[C@H](COC(=O)c3ccccc3)[C@@H](OC(=O)c3ccccc3)[C@@H](OC(=O)c3ccccc3)[C@H]2OC(=O)c2ccccc2)cc1,52800.0
CCCCOc1ccc(CC/C(C)=N/NC(=S)NN)cc1,231500.0
CCC(CC)Oc1ccc(CC/C(C)=N/NC(N)=S)cc1,445.0
CC1=C(CO)C(C)(C)CC(=O)C1O,1000000.0
COC1(C)C=Cc2cc(O)ccc2O1,289000.0
O=C(/C=C/c1ccc2c(c1)OCO2)OCc1cc(=O)c(O)co1,1530.0
COc1ccc(C(=O)OCc2cc(=O)c(O)co2)c(O)c1,10640.0
COc1ccc(C(=O)Cc2ccc(O)cc2)c(O)c1O,43370.0
O=Cc1ccc(O[C@@H]2O[C@H](CO)[C@@H](O)[C@H](O)[C@H]2O)cc1,940000.0
COc1ccc(NC2=NC(=O)/C(=C/c3cn(-c4ccccc4)nc3-c3ccc(C)cc3)S2)c(OC)c1,194020.0
COc1cc(-c2ccc(C)c(O)c2)cc(OC)c1O,90000.0
CCOc1cc(=O)c(C[C@@H](OC(=O)/C=C/c2ccc(O)c(O)c2)C(=O)O)coc1=O,80000.0
Oc1ccc(C23CC4CC(CC(C4)C2)C3)c(O)c1,900.0
O=Cc1ccc(O)cc1,1120000.0
O=C(NCc1ccc(O)cc1O)c1cc(C23CC4CC(CC(C4)C2)C3)c(O)cc1O,1100.0
COc1cc(OC)c(C23CC4CC(CC(C4)C2)C3)cc1C(=O)NCc1ccc(O)cc1O,900.0
CN(C)c1ccc(/C=N/NC(N)=S)cc1,1540.0
CC(C)c1cccc(=O)c(O)c1,90.0
O=Cc1ccc(O[C@@H]2O[C@@H]3CO[C@@H](c4ccccc4)O[C@H]3[C@@H](O)[C@H]2O)cc1,52000.0
Ic1ccc(-c2csc(N/N=C/c3cc4ccccc4s3)n2)cc1,430600.0
CCCCC(=O)NC(=S)Nc1ccc(Br)cc1,3371.0
COc1ccc(C(=O)O)cc1,420000.0
CC1=C(C=O)C(C)(C)[C@@H](O)[C@H](O)C1,260000.0
COc1ccc(CC(=O)c2c(O)cc(O)cc2O)cc1,213860.0
COc1ccc(CC(=O)c2cc(O)c(O)cc2O)cc1,144190.0
CC(=O)OC[C@H]1O[C@@H](Oc2ccc(/C=N\NC(N)=S)cc2)[C@H](OC(C)=O)[C@H](OC(C)=O)[C@@H]1OC(C)=O,3410.0
COc1cc(/C=C/C(=O)c2ccc(OC)c(OC)c2)ccc1O,38.0
COc1cc(OC)c(C2CCN(C)C2CO)c(O)c1-c1cc(-c2ccc(F)cc2)[nH]n1,15500.0
OC[C@H]1O[C@@H](OCCc2ccccc2)[C@H](O)[C@@H](O)[C@@H]1O[C@@H]1OC[C@](O)(CO)[C@H]1O,710000.0
O=Cc1cc(Cc2cc(O)c(O)c(C=O)c2)cc(O)c1O,523000.0
O=C(O)c1ccc(-c2ccccc2)cc1,63240.0
CC1=CC[C@@H](C(C)(C)O[C@@H]2O[C@H](CO)[C@@H](O)[C@H](O)[C@H]2O)CC1,16900.0
O=C1OC(c2ccc(/N=N/c3ccc(N4CCOCC4)cc3)cc2)=N/C1=C/c1ccc(F)cc1,15780.0
Sc1ncc[nH]1,4110000.0
Cn1ccnc1S,1430000.0
COc1cc(O)cc(O)c1C(=O)/C=C/c1ccc(O)cc1O,3100.0
O=C(/C=C/c1cccc(O)c1O)c1c(O)cc(O)cc1O,193000.0
O=c1cc(CSc2nnc(-c3ccccc3)n2NCc2ccc(O)cc2O)occ1O,1350.0
COc1cc(C2CC(c3cc4ccccc4oc3=O)=NN2c2nc(-c3ccc(Br)cc3)cs2)ccc1OCc1ccccc1,4.58
Cc1ccc(C(=O)N2CCN(Cc3ccc(F)cc3)CC2)cc1,33130.0
NC(=S)N/N=C\C=C\c1ccccc1,2700.0
NC(=S)NN=C1CCCC1,170.0
COc1cc(C=O)ccc1OC(=O)COC(=O)c1cc(O)cc(O)c1,59760.0
CC(=O)N1CCC(N2CCCCC2)CC1,29940.0
COCCOc1ccc(C=C2C(=O)NC(=O)NC2=O)cc1,75420.0
NC(=S)N/N=C/c1ccc[nH]1,8000.0
S=c1oc(Cc2cccc3ccccc23)nn1CN1CCNCC1,870.0
COc1ccc(-c2cc(-c3c(OC)cc(OC)c(C4CCN(C)C4CO)c3O)n[nH]2)c(OC)c1,1750.0
CC(=O)OC[C@H]1O[C@@H](Oc2ccc(C=C3C(=O)NC(=S)NC3=O)cc2)[C@H](OC(C)=O)[C@@H](OC(C)=O)[C@@H]1OC(C)=O,230000.0
C=CCc1ccc(O)c(OC)c1,923000.0
Oc1ccc(/C=N\n2c(Cc3ccccc3F)n[nH]c2=S)cc1,6230.0
O=C1/C(=C/c2ccc(O)cc2O)Cc2ccc3ccccc3c21,150.0
COc1cc(C=O)ccc1OC(=O)COC(=O)/C=C/c1ccc(O)cc1,16130.0
COc1cc(C2CC(c3ccc(O)cc3O)=NN2C(C)=O)ccc1O,301.0
Oc1ccc(C2CC(c3ccc(O)cc3O)=NN2)cc1,882.0
COc1ccc2c(c1CCO)O[C@@H](c1ccc(O)cc1O)CC2,120.0
CC(C)=C/C(C)=N\NC(N)=S,11500.0
NC(=S)N/N=C1\CCCC(=O)C1,15100.0
Cc1ccc(C)n1NC(N)=S,850.0
COc1c(O)cc(-c2oc3cc(O)cc(O)c3c(=O)c2O[C@@H]2O[C@@H](C)[C@H](O)[C@@H](O)[C@H]2O)cc1O,310000.0
CC1=CC(=O)CC(C)(C)C1O,1100000.0
COc1cc(C=O)ccc1OC(=O)COC(=O)c1ccc(O)c(O)c1,156870.0
CCCCC(=O)Nc1cccc(/C(C)=N/NC(N)=S)c1,1540.0
COc1ccc(CC(=O)c2ccc(O)cc2O)cc1OC,112060.0
COc1ccc(CC(=O)c2ccc(O)c(O)c2O)cc1OC,139990.0
CC(=O)OC[C@H]1O[C@@H](Oc2ccccc2C=C2C(=O)NC(=S)NC2=O)[C@H](OC(C)=O)[C@@H](OC(C)=O)[C@@H]1OC(C)=O,430000.0
COc1cc(/N=N/c2ccc(O)cc2)cc(OC)c1,50200.0
CC(=O)OC[C@H]1O[C@@H](O[C@H]2[C@H](OC(C)=O)[C@@H](OC(C)=O)[C@H](Oc3ccc(/C=N\NC(N)=S)cc3)O[C@@H]2COC(C)=O)[C@H](OC(C)=O)[C@@H](OC(C)=O)[C@H]1OC(C)=O,650.0
CCC(=O)N1CCC(Cc2ccc(F)cc2)CC1,24100.0
NC(=S)N/N=C/c1cc2ccccc2[nH]1,402000.0
C/C(CCc1ccc(OCCCc2ccccc2)cc1)=N\NC(N)=S,835.0
CN1[C@@H]2CC[C@H]1C/C(=N/Nc1nc(-c3ccc(Cl)cc3)cs1)C2,132700.0
CN1[C@@H]2CC[C@H]1C/C(=N/Nc1nc(-c3ccc(Br)cc3)cs1)C2,84970.0
CN1[C@@H]2CC[C@H]1C/C(=N/Nc1nc(-c3ccc(Cl)c(Cl)c3)cs1)C2,3220.0
CN1[C@@H]2CC[C@H]1C/C(=N/Nc1nc(-c3ccc(Cl)cc3Cl)cs1)C2,3510.0
NC(=S)N/N=C/c1cc(=O)c(O)co1,11000.0
CC(C)OC(=O)/C=C/c1cc(=O)c(O)co1,80300.0
C=CC(C)(C)c1cc(CCCc2cc(O)c(O)c(CC=C(C)C)c2CC=C(C)C)c(O)cc1O,15500.0
CC(C)=NNC(N)=S,86.0
C/C=C/C=N\NC(N)=S,1000.0
C=CCc1ccc(OCc2cn(Cc3cc(=O)c(O)co3)nn2)c(OC)c1,1070.0
C=CCOc1cccc2c1C(=O)c1c(OCC=C)cc(/C=N/O)cc1C2=O,83170.0
CCc1ccc(NC(N)=S)cc1,800.0
Cc1ccccc1NC(N)=S,840.0
O=C(OCc1ccc(O)cc1)c1cc(O)cc(O)c1,5840.0
O=C(OCc1cccc(O)c1)c1ccc(O)cc1O,6230.0
O/N=C(\C=C\c1cccnc1)c1cc2ccccc2cc1O,12220.0
Cc1ccc(C(C)C)cc1OCc1cn(Cc2cc(=O)c(O)co2)nn1,70.0
C/C=C/c1ccc(OCc2cn(Cc3cc(=O)c(O)co3)nn2)c(OC)c1,520.0
COc1ccc(C(=O)OCc2cc(=O)c(O)co2)c(OC)c1,3230.0
COc1ccc(/C(C)=N\NC(N)=S)cc1,110.0
C/C(=N/NC(N)=S)c1ccc(F)cc1,170.0
C/C(=N/NC(N)=S)c1c(O)cc(O)cc1O,22000.0
COc1ccc(CC/C(C)=N/NC(N)=S)cc1,188.0
O=C(NCc1ccc(O)cc1)c1cc(O)cc(O)c1,710000.0
C(=N/Nc1nc(C23CC4CC(CC(C4)C2)C3)cs1)\c1cc2ccccc2s1,328500.0
COCCOc1ccc(C=O)cc1,660000.0
COC(=O)CNC(=O)COc1ccc(C=O)cc1,170000.0
COC(=O)C(Cc1ccc(O)cc1)NC(=O)COc1ccc(C=O)cc1,220000.0
COc1ccc(-c2nc(-c3ccc(O)cc3O)cs2)c(OC)c1,2000.0
O=C(c1ccc2ccccc2c1)N1CCC(N2CCCCC2)CC1,6640.0
N[C@@H](Cc1ccccc1)C(=O)N[C@@H](Cc1ccccc1)C(=O)NCc1cc(=O)c(O)c[nH]1,26200.0
CC(C)C[C@H](NC(=O)OCc1ccccc1)C(=O)OCc1cc(=O)c(O)c[nH]1,28710.0
O=C(OCc1cccc(O)c1)c1cc(O)ccc1O,24390.0
O=C(OCc1ccccc1O)c1ccc(O)cc1O,66230.0
COc1cc(C=O)ccc1OC(=O)COC(=O)c1ccc(O)cc1,201150.0
CC/C(=N\NC(N)=S)c1ccc(C2CCCCC2)cc1,8120.0
COC(=O)COc1ccc(-c2ccc(/C(C)=N/NC(N)=S)cc2)cc1,278.0
C/C(=N\NC(N)=S)c1cccc(C)c1,1982.0
C/C(=N\NC(N)=S)c1ccc(C2CCCCC2)cc1,632.0
CC(=O)Oc1ccc(-c2ccc(/C(C)=N/NC(N)=S)cc2)cc1,1513.0
C/C(=N\NC(N)=S)c1ccc(-c2ccc(OCC(=O)O)cc2)cc1,1661.0
O=C(/C=C/c1ccccc1)c1c(O)cc(O)cc1O,120000.0
O=C(/C=C/c1ccc(O)cc1O)c1ccco1,43.3
CC(=O)O[C@@H]1[C@@H](O)[C@@H](O)[C@H](Oc2c(-c3cc(O)c(O)c(O)c3)oc3cc(O)cc(O)c3c2=O)O[C@H]1C,280000.0
CC(=O)O[C@@H]1[C@@H](O)[C@@H](OC(C)=O)[C@H](Oc2c(-c3cc(O)c(O)c(O)c3)oc3cc(O)cc(O)c3c2=O)O[C@H]1C,520000.0
CC1=C([C@@H](O)CC(=O)O)C(C)(C)C[C@@H](O)C1,870000.0
CC(=O)OC[C@H]1O[C@@H](Oc2ccc(/C=N\NC(N)=S)cc2)[C@H](OC(C)=O)[C@@H](OC(C)=O)[C@@H]1OC(C)=O,310.0
O=C(O)CSc1nnc(NC(=S)Nc2cccc(C(F)(F)F)c2)s1,15000.0
O=C(/C=C/c1ccc(O)cc1)c1ccc(NS(=O)(=O)c2ccc(O)cc2)cc1,58800.0
O=C(/C=C/c1ccc(O)cc1)c1ccc(NS(=O)(=O)c2ccc([N+](=O)[O-])cc2)cc1,15200.0
Nc1ccc(S(=O)(=O)Nc2ccc(C(=O)/C=C/c3ccc(O)cc3)cc2)cc1,30700.0
CCCSCc1cc(=O)c(O)co1,1930.0
COc1cc2c(c(OC)c1OC)[C@@H]1O[C@H](COC(=O)c3ccc(O)cc3)[C@@H](O)[C@H](O)[C@H]1OC2=O,31500.0
O=c1cc(C[S+]([O-])C2CCCCC2)occ1O,79030.0
CCCCCS(=O)(=O)Cc1cc(=O)c(O)co1,76600.0
CCC1NC(=S)NC(C)=C1C(C)=O,10670000.0
O=C(c1ccc([N+](=O)[O-])cc1)N1CCN(Cc2ccc(F)cc2)CC1,2050.0
O=C(c1ccc(Br)cc1Br)N1CCN(Cc2ccc(F)cc2)CC1,1050.0
Oc1cc(O)cc(/C=C/c2cc(C(Cc3cc(O)cc(O)c3)c3ccc(O)cc3O)c(O)cc2O)c1,68000.0
COc1ccc(C(C)=O)cc1-c1cc(OC)c(O)c(OC)c1,140000.0
COc1cc(-c2ccc(C(=O)O)c(O)c2)cc(OC)c1O,20000.0
COc1cc(-c2ccc(C=O)c(O)c2)cc(OC)c1O,60000.0
O/N=C(\C=C\c1ccncc1)c1cc2ccccc2cc1O,19450.0
CCO/N=C\c1ccc(O)c(O)c1,300.0
COc1ccc(CC(=O)c2ccc(O)c(O)c2O)cc1,203320.0
CC[C@]1(O)CC[C@H]2[C@@H]3CCC4=CC(=O)C=C[C@]4(C)[C@H]3CC[C@@]21C,3460.0
COc1ccc(/C=C/C(=O)c2c(O)cc(O)cc2O)cc1OC,150000.0
OC[C@H]1O[C@H](Oc2cc(O)cc(CCc3ccc(O)cc3O)c2)[C@H](O)[C@@H](O)[C@@H]1O,2630.0
COc1cc([N+](=O)[O-])ccc1/C=C/C(=N\O)c1cc2ccccc2cc1O,4770.0
COCCOCCOc1ccc(C=C2C(=O)NC(=O)NC2=O)cc1,137290.0
O=Cc1ccc(OCOCCO)cc1,370000.0
COC(=O)C1CCCN1C(=O)COc1ccc(C=O)cc1,760000.0
CCOC(=O)COc1ccc(CC/C(C)=N/NC(N)=S)cc1,515.0
Oc1ccccc1C(O)/C=C/c1ccncc1,2300.0
CC(=O)c1ccc(F)cc1,990000.0
O=C(O)CSc1nnc(NC(=S)Nc2ccc(F)cc2F)s1,20100.0
COc1ccc(OC)c(/C=C/C(=N\O)c2cc3ccccc3cc2O)c1,21880.0
N[C@@H](Cn1ccc(=O)c(O)c1)C(=O)O,3680.0
COc1cc(C(C)=O)ccc1OCc1cn(Cc2cc(=O)c(O)co2)nn1,30.0
O.O=C(CCc1ccc(O)cc1)c1c(O)cc(O)cc1O[C@@H]1O[C@H](CO)[C@@H](O)[C@H](O)[C@H]1O,110000.0
CCCCc1ccc(/C(CC)=N/NC(N)=S)cc1,9490.0
CCOC(=O)CCc1ccc(/C(C)=N/NC(N)=S)cc1,177.0
O=C(/C=C/c1cc(O)c(O)c(O)c1)c1c(O)cc(O)cc1O,200000.0
O=C(NO)Nc1ccc([N+](=O)[O-])cc1,2600.0
COc1ccc(C/C(C)=N/NC(=S)NN)cc1,158870.0
C[C@H](NC(=O)OCc1ccccc1)C(=O)OCc1cc(=O)c(O)c[nH]1,11760.0
COc1c(O)cccc1/C=C/C=O,260000.0
O=C(OCc1cc(=O)c(O)co1)c1ccc(O)cc1O,3510.0
C1CCN(C2CCNCC2)CC1,110790.0
CC(C)(C)[Si](C)(C)ONC(=O)Nc1ccccc1,70000.0
CCCCC/C=C\C/C=C\CCCc1cc(O)cc(O)c1,1700.0
O=c1cc(CSc2nnc(-c3ccc(Cl)cc3)n2NCc2ccccc2O)occ1O,1710.0
COc1cc(O)ccc1C1COc2cc3c(c(O)c2C1=O)C=CC(C)(C)O3,146400.0
NC(=S)N/N=C/c1ccccc1Cl,15400.0
C/C(=N\NC(N)=S)c1ccc(C(C)(C)C)cc1,960.0
CC(=O)O[C@@H]1[C@@H](OC(C)=O)[C@@H](O)[C@H](Oc2c(-c3cc(O)c(O)c(O)c3)oc3cc(O)cc(O)c3c2=O)O[C@H]1C,180000.0
COc1cc(C=O)ccc1OC(=O)CCl,78900.0
CCCCC(=O)NC(=S)Nc1cccc([N+](=O)[O-])c1,16599.0
COc1ccc(C/C(C)=N\NC(N)=S)cc1,420.0
C/C(=N/NC(N)=S)c1ccc(Br)cc1,520.0
NC(=S)N/N=C(/C(=O)c1ccccc1)c1ccccc1,100000.0
COc1cc(/C=N/n2cnnc2SCc2cc(=O)c(O)co2)ccc1O,17500.0
O=Cc1cncs1,7000.0
NC(=S)N/N=C/c1ccc(O)cc1O,180.0
CC(=O)OCc1csc(/C=N/NC(N)=S)c1,340.0
NC(=S)N/N=C/c1cc(COC(=O)C2CCCC2)cs1,140.0
COc1cc(OC)cc(-c2nc(-c3ccc(O)cc3O)cs2)c1,2000.0
CC(=O)N1N=C(c2ccc(O)cc2)CC1c1ccc(O)cc1,3510.0
O=Cc1cc(Cc2cc(C=O)c(O)cc2O)c(O)cc1O,76000.0
OC[C@H]1O[C@@H](Oc2ccc(/C=C/c3cc(O)cc(O)c3)cc2)[C@H](O)[C@@H](O)[C@@H]1O,19000.0
O/N=C(\C=C\c1ccccn1)c1cc2ccccc2cc1O,20250.0
CC(C)[C@@H]1NC(=O)[C@@H]2CCCN2C(=O)[C@H](Cc2ccc(OCc3ccccc3)cc2)n2cc(nn2)[C@@H]2CCCN2C1=O,500000.0
CC(C)[C@H]1C(=O)N2CCC[C@H]2c2cn(nn2)[C@@H](Cc2ccc(OCc3ccccc3)cc2)C(=O)N2CCC[C@H]2c2cn1nn2,1600000.0
NNC(=S)NN,178300.0
CCCCCCCCOc1ccc(CC/C(C)=N/NC(N)=S)cc1,865.0
NC(=S)N/N=C/c1cc(COC(=O)C2CCCCC2)cs1,136.0
Cn1c(/C=N/N=C(/N)S)cc2ccccc21,1700000.0
C=CCOC(=O)CCC(=O)c1cc(C)c(OCC)cc1C(C)C,128800.0
CC(C)[C@H](NC(=O)[C@H](CCCNC(=N)N)NC(=O)[C@H](Cc1ccccc1)NC(=O)[C@H](CS)NC(=O)[C@H](CCCNC(=N)N)NC(=O)[C@@H](N)[C@@H](C)O)C(=O)N[C@@H](CS)C(=O)N[C@@H](CO)C(=O)O,53000.0
O=C(/C=C/c1ccc(O)cc1O)c1ccccc1O,29.0
COc1cc(C2CC(c3ccccc3O)=NN2C(C)=O)ccc1O,13400.0
COP(=O)(OC)OC[C@H]1O[C@@H](Oc2ccc(C=O)cc2)[C@H](O)[C@H](O)[C@@H]1O,430000.0
COc1ccc(CC(=O)c2ccc(O)cc2O)cc1,78880.0
COc1ccc(C(=O)OCc2cc(=O)c(O)co2)cc1,2030.0
O=C(OCc1cc(=O)c(O)co1)c1ccc(O)cc1,2800.0
CC(=O)c1ccc(OCc2cn(Cc3cc(=O)c(O)co3)nn2)cc1,1210.0
CCCOC(=O)CCC(=O)c1cc(C(C)C)c(OCC)cc1C,154000.0
CCCCOC(=O)COc1ccc(-c2ccc(/C(C)=N/NC(N)=S)cc2)cc1,562.0
CCCOC(=O)CCc1ccc(/C(C)=N/NC(N)=S)cc1,142.0
CC(C)COc1ccc(/C=N/NC(N)=S)cc1,2210.0
Oc1ccc2cc(-c3cc(O)c(O)c(O)c3)ccc2c1,2950.0
O=C1OC(c2ccc(/N=N/c3ccc(N4CCOCC4)cc3)cc2)=N/C1=C/c1ccccc1[N+](=O)[O-],20330.0
O=C(c1cccc(Br)c1)N1CCN(Cc2ccc(F)cc2)CC1,2400.0
O=C(Cc1ccc(O)cc1)c1c(O)cc(O)cc1O,261260.0
COC(=O)C(CCSC)NC(=O)COc1ccc(C=O)cc1,400000.0
NC(=O)[C@H](Cc1ccccc1)NC(=O)OCc1cc(=O)c(O)co1,14700.0
CCCCOCCOc1ccc(C=C2C(=O)NC(=S)NC2=O)cc1,107430.0
COCCOc1ccc(CC2C(=O)NC(=S)NC2=O)cc1,112760.0
COc1cc(C=O)ccc1OC(=O)CN1CCN(C)CC1,21600.0
COc1cc(C=O)ccc1OC(=O)CN1CCN(c2ccccc2)CC1,101380.0
COc1ccc(/C=C/C(=N\O)c2cc3ccccc3cc2O)c(OC)c1,22960.0
CC(=O)OC[C@H]1O[C@@H](Oc2ccc(C=C3C(=O)NC(=S)NC3=O)cc2O)[C@H](OC(C)=O)[C@@H](OC(C)=O)[C@@H]1OC(C)=O,50000.0
CCCCCCOc1ccc(CC/C(C)=N/NC(N)=S)cc1,754.0
CCOc1ccc(CC/C(C)=N/NC(N)=S)cc1,209.0
NC(=S)N/N=C(\c1ccccc1)C(O)c1ccccc1,55500.0
C/C(=N/NC(N)=S)c1cccnc1,820.0
COc1ccc(CCC(=O)c2c(O)c3c(c4c2OC(C(C)(C)O)C4)OC(C)(C)C=C3)cc1,5220.0
COc1ccc(CCC(=O)c2c(O)c(CC=C(C)C)c3c(c2O)CC(O)C(C)(C)O3)cc1,19500.0
CC(C)=CCc1cccc([C@@H]2CC(=O)c3c(O)cc(O)c(CC=C(C)C)c3O2)c1O,68500.0
O=C(/C=C/c1ccc(O)cc1)NCCCCNC(=O)/C=C/c1ccc(O)cc1,6500.0
COc1ccc(/C=C/C(=O)NCCNC(=O)/C=C/c2ccc(OC)c(O)c2)cc1O,84200.0
COc1ccccc1-c1nnc(SCC(=O)Nc2ccc(Br)cc2)o1,46.0
CC(/C=C/C=C(\C)C(=O)O)=C\C=C\C=C(C)\C=C\C=C(/C)C(=O)O[C@@H]1O[C@H](CO[C@@H]2O[C@H](CO)[C@@H](O)[C@H](O)[C@H]2O)[C@@H](O)[C@H](O)[C@H]1O,960000.0
CC(=O)C1=C(C)NC(=S)NC1c1ccc(O)cc1,12250000.0
O=C1NC(=S)S/C1=C\c1ccc(OCCO)c(OCCO)c1,5690000.0
O=C(CCCCC1CCS[Zn]S1)NC(Cc1c[nH]cn1)C(=O)[O-].[Na+],1300.0
CC(=O)Oc1ccc2ccccc2c1/N=N/c1ccc(C2=N/C(=C/c3ccc(OC(F)(F)F)cc3)C(=O)O2)cc1,3040.0
CC1=CC(=O)CC(C)(C)[C@@H]1CC[C@@H](C)O[C@@H]1O[C@H](CO)[C@@H](O)[C@H](O)[C@H]1O[C@@H]1O[C@@H](C)[C@H](O)[C@@H](O)[C@H]1O,200000.0
COc1cc(/C=N/NC(=O)c2ccc(O)c(OC)c2)ccc1O,10000.0
COc1ccc(C(C)=O)c(OC(=O)/C=C/c2ccc(O)cc2)c1,2000.0
Cc1ccc(C(C)C)cc1NC(=O)COC(=O)c1ccc(O)cc1O,10970.0
Cc1cc(OCc2cn(Cc3ccc(F)cc3)nn2)c(C=C2C(=O)NC(=S)NC2=O)cc1Br,24600.0
O=C(O)CCc1ccc(O)cc1O,1850.0
Nc1ccc(C(=O)N2CCN(Cc3ccc(F)cc3)CC2)cc1,14660.0
O=C(c1ccc([N+](=O)[O-])cc1[N+](=O)[O-])N1CCN(Cc2ccc(F)cc2)CC1,960.0
O=C(c1ccc(Cl)cc1Cl)N1CCN(Cc2ccc(F)cc2)CC1,790.0
O=C(c1ccc(C(F)(F)F)cc1)N1CCN(Cc2ccc(F)cc2)CC1,3380.0
CC(C)/C=N\NC(N)=S,620.0
NC(=S)NN=C1CCCCC1,950.0
CCCCOc1ccc(CC/C(C)=N/NC(N)=S)cc1,272.0
CCCCOc1ccc(C/C(C)=N/NC(=S)NN)cc1,224100.0
C/C(CCc1ccc(O)cc1)=N\NC(=S)NN,125600.0
Cc1ccc(NC(=S)Nc2nnc(SCC(=O)O)s2)cc1,54400.0
CN1[C@@H]2CC[C@H]1C/C(=N/Nc1nc(-c3ccc(F)cc3)cs1)C2,123100.0
O=C(c1ccc(Cl)cc1)N1CCN(Cc2ccc(F)cc2)CC1,3510.0
COCCOc1ccc(C=C2C(=O)NC(=S)NC2=O)cc1,28430.0
O=c1cc(Cn2cc(COc3ccc(CO)cc3)nn2)occ1O,60.0
COc1cc(OCc2cn(Cc3cc(=O)c(O)co3)nn2)cc(OC)c1OC,60.0
CCOC(OCC)c1ccc(/C=C/C(=O)C2CCc3ccccc3C2=O)cc1,5840.0
CC[C@H](C)[C@H](NC(=O)[C@H](CS)NC(=O)[C@H](CCCNC(=N)N)NC(=O)[C@H](CO)NC(=O)[C@@H](N)[C@@H](C)O)C(=O)N[C@@H](Cc1ccccc1)C(=O)N[C@@H](Cc1ccc(O)cc1)C(=O)N[C@@H](CCCNC(=N)N)C(=O)N[C@@H](CCCNC(=N)N)C(=O)N[C@@H](CCCCN)C(=O)N[C@@H](CCCCN)C(=O)N[C@@H](CS)C(=O)N[C@@H](CO)C(=O)O,153000.0
COc1cc(Cc2cc(C=O)c(O)c(OC)c2)cc(C=O)c1O,695000.0
CCCCCCCCOC(=O)c1ccc(O)c(O)c1,129000.0
CCCCCCOC(=O)c1ccc(O)c(O)c1,910000.0
CC(C)=CCc1c(CCCc2ccc(O)cc2O)cc(O)c(O)c1CC=C(C)C,960.0
CCCCOc1cccc2c1C(=O)c1c(OCCCC)cc(CO)cc1C2=O,32810.0
COc1cc(O)c(C(=O)NCc2ccc(O)cc2O)cc1C12CC3CC(CC(C3)C1)C2,800.0
CC(C)[C@H](NC(=O)[C@H](CS)NC(=O)[C@H](CCCNC(=N)N)NC(=O)[C@H](Cc1ccccc1)NC(=O)[C@H](C)NC(=O)[C@H](CCCNC(=N)N)NC(=O)[C@@H](N)[C@@H](C)O)C(=O)N[C@@H](CO)C(=O)O,220000.0
CC1(C)Oc2cc3oc(-c4cc(O)cc(O)c4)cc3cc2CC1O,2900.0
O=C(NO)Nc1ccccc1,290.0
C/C(=N\NC(N)=S)c1cccc(N)c1,6110.0
CC(C)(C)OC(=O)CCc1ccc(O)cc1O,14870.0
CCOC(=O)/C=C/c1cc(=O)c(O)co1,36300.0
CC(=O)c1cccs1,150000.0
CN(C)c1ccc(/N=N/c2ccc(C3=N/C(=C/c4ccc(F)cc4)C(=O)O3)cc2)cc1,2010.0
O=C(NCc1ccc(O)cc1)c1ccc(O)cc1O,1820000.0
Cc1ccc(CN2CCC(N3CCCCC3)CC2)cc1,1720.0
C/C(=N\NC(N)=S)c1cccc(NC(=O)C(C)(C)C)c1,4410.0
COc1ccc(C(=O)Nc2ccc(/C(C)=N/NC(N)=S)cc2)cc1,1142.0
O=C(O)CSc1nnc(NC(=S)Nc2cccc(Cl)c2)s1,59700.0
C/C(=N\NC(N)=S)c1ccc(CC(C)C)cc1,610.0
CCC/C(=N\NC(N)=S)c1ccc(C2CCCCC2)cc1,56670.0
COC(=O)Cc1ccc(/C(C)=N/NC(N)=S)cc1,325.0
CCCCOC(=O)Cc1ccc(/C(C)=N/NC(N)=S)cc1,441.0
C/C(=N\NC(N)=S)c1ccc(-c2ccc(OC(=O)C(C)C)cc2)cc1,1992.0
C/C(=N/NC(N)=S)c1ccccc1,340.0
C/C(=N/NC(N)=S)c1ccc(/C(C)=N\NC(N)=S)cc1,150.0
C/C(=N/NC(N)=S)c1cccs1,140.0
CC1(C)O[C@@H]2[C@H](O)[C@@H](CO)O[C@@H](Oc3ccc(C=O)cc3)[C@@H]2O1,620000.0
C/C(=N\NC(N)=S)c1ccc(NC(=O)C(Cl)(Cl)Cl)cc1,406.0
CCCCCCCCCCCCCCC(=O)OCC(O)CO,9450.0
CN(C)c1ccc(C2CC(c3cc4ccccc4o3)=NN2C(=O)Nc2ccc(Cl)cc2)c2ccccc12,4720.0
CC(C)=CCC/C(C)=C/Cc1c(O)ccc(-c2coc3cc(O)cc(O)c3c2=O)c1O,92000.0
O=c1cc(Cn2cc(COc3ccc(Br)cc3)nn2)occ1O,60.0
COc1ccc(NC(=O)NO)cc1,32000.0
Oc1ccc(CCc2ccc(O)cc2O[C@@H]2OC[C@@H](O)[C@H](O)[C@H]2O)c(O)c1,1600.0
O=c1cc(CSc2nnc(-c3cccc(Cl)c3)n2NCc2ccccc2O)occ1O,2500.0
Cc1ccc(-c2nnc(SCc3cc(=O)c(O)co3)n2NCc2ccccc2O)cc1,3800.0
O=C(/C=C/c1cc(=O)c(O)co1)OCCOCCO,26500.0
Oc1ccc(/N=N/c2cc(O)cc(O)c2)cc1,36280.0
COc1c(O)cc2c(c1O)[C@@H]1O[C@H](COC(=O)c3ccc(O)c(O)c3)[C@@H](O)[C@H](O)[C@H]1OC2=O,17500.0
CC(C)c1ccccc(=O)c1O,9530.0
Cc1ccc(O)cc1O,3300.0
CCCC(=O)Nc1ccc(/C(C)=N/NC(N)=S)cc1,644.0
CC(=S)Nc1ccccc1,4100.0
COc1cccc2c1C(=O)c1c(OC)cc(/C=N/NC(N)=S)cc1C2=O,28050.0
O=C1/C(=C\c2ccc(O)c(O)c2)Cc2ccccc21,8200.0
CC(C)c1ccc(C=O)c(O)c1,2300.0
CC(=O)OC[C@H]1O[C@@H](Oc2ccc(C=C3C(=O)NC(=S)NC3=O)cc2)[C@H](OC(C)=O)[C@H](OC(C)=O)[C@@H]1OC(C)=O,340000.0
CC(=O)OC[C@H]1O[C@@H](Oc2ccc(C=C3C(=O)NC(=O)NC3=O)cc2)[C@H](OC(C)=O)[C@@H](OC(C)=O)[C@@H]1OC(C)=O,1270000.0
O=C1NC(=S)S/C1=C\c1ccc(OCCO)cc1,560000.0
C/C(=N\NC(N)=S)c1ccc(NC(=O)c2ccc(F)cc2)cc1,610.0
C/C(=N\NC(N)=S)c1ccc(NC(=O)C(C)C)cc1,814.0
COc1ccc(/C=C/C(=O)NCCc2c[nH]c3ccc(O)cc23)cc1OC,321800.0
O=C(/C=C/c1ccccc1)NCCc1c[nH]c2ccc(O)cc12,40400.0
O=C(/C=C/c1ccc(O)cc1)NCCc1c[nH]c2ccc(O)cc12,8800.0
COc1ccc(/C=C/C(=O)NCCc2c[nH]c3ccc(O)cc23)cc1O,5400.0
Cc1nnc(SCc2cc(=O)c(O)co2)n1NCc1cccc(O)c1,12500.0
CCC(C)C(NC(=O)COc1ccc(C=O)cc1)C(=O)OC,460000.0
COC(=O)C(Cc1ccccc1)NC(=O)COc1ccc(C=O)cc1,480000.0
COc1cc(-c2cccc(O)c2)cc(OC)c1O,90000.0
COc1ccc2c(c1C/C=C(\C)CO)O[C@H](c1ccc(O)cc1O)CC2,1430.0
CC(C)=CCc1c(O)ccc2c1O[C@H](c1ccc(O)cc1O)CC2,150.0
CCCCCCSCc1cc(=O)c(O)co1,190.0
CC1=CC(=O)CC(C)(C)[C@H]1/C=C/[C@@H](C)O[C@@H]1O[C@H](CO)[C@@H](O)[C@H](O)[C@H]1O[C@@H]1O[C@@H](C)[C@H](O)[C@@H](O)[C@H]1O,160000.0
O=C(OCc1ccc(O)cc1)c1ccc(O)cc1O,4690.0
O=C(OCc1ccccc1O)c1cc(O)cc(O)c1,19890.0
CCC(=O)Nc1ccc(/C(C)=N/NC(N)=S)cc1,372.0
C/C(=N\NC(N)=S)c1ccc(NC(=O)C(F)(F)F)cc1,1336.0
O=C(O)CSc1nnc(NC(=S)Nc2ccc(F)c(Cl)c2)s1,33900.0
NC(=S)N/N=C/c1cccc2ccccc12,12000.0
C[C@@H]1O[C@@H](OC[C@H]2O[C@@H](Oc3ccccc3/C=C/CO)[C@H](O[C@@H]3[C@@H](OCc4ccccc4)O[C@@H](CO[C@@H]4OC[C@](O)(CO)[C@H]4O)[C@H](O)[C@H]3O)[C@@H](O)[C@@H]2O)[C@H](O)[C@H](O)[C@H]1O,940000.0
COC(=O)CCc1ccccc1O[C@@H]1O[C@H](CO)[C@@H](O)[C@H](O)[C@H]1O,630000.0
COc1cc([C@H]2Oc3c(O)cc([C@H]4Oc5cc(O)cc(O)c5C(=O)[C@@H]4O)cc3[C@@H]2CO)ccc1O,4500.0
COc1ccc(NC2=NC(=O)/C(=C/c3cn(-c4ccccc4)nc3-c3ccc(F)cc3)S2)c(OC)c1,104320.0
O=C(OCc1cccc(O)c1)c1cc(O)c(O)c(O)c1,11470.0
O=C(N1CCC(N2CCCCC2)CC1)C(F)(F)F,18080.0
C[C@]1(CO)C=Cc2cc(O)ccc2O1,208000.0
Oc1cc(O)cc(-c2ccc3cc(O)cc(O)c3c2)c1,490.0
Oc1ccc(O)cc1,9810.0
COc1cc(-c2ccc(O[C@@H]3O[C@H](CO)[C@@H](O)[C@H](O)[C@H]3O)c(O)c2)cc(OC)c1O,140000.0
COc1cc(-c2cc(F)cc(F)c2)cc(OC)c1O,80000.0
Cc1ccc(S(=O)(=O)Nc2ccc(C(=O)/C=C/c3ccc(O)cc3)cc2)cc1,23300.0
O=C(OCc1cc(=O)c(O)co1)c1ccc2c(c1)OCCO2,1520.0
Nn1c(SCc2cc(=O)c(O)co2)nnc1-c1ccc(Cl)cc1,4500.0
O=c1cc(Cn2cc(COc3ccc(Cl)cc3)nn2)occ1O,60.0
O=c1cc(Cn2cc(COc3cccc(F)c3)nn2)occ1O,60.0
O=c1cc(Cn2cc(COc3cccc(Cl)c3)nn2)occ1O,60.0
O=c1cc(Cn2cc(COc3ccc(Cl)cc3Cl)nn2)occ1O,60.0
CCCCCCCCn1cc(O)c(=O)cc1/C=N/OCC,1600.0
O=C(OCc1cc(=O)c(O)c[nH]1)[C@H](Cc1ccccc1)NCc1ccccc1,8970.0
O=C1NC(=O)C(=Cc2ccc(O[C@@H]3O[C@H](CO)[C@@H](O)[C@@H](O)[C@H]3O)cc2)C(=O)N1,1630000.0
CC1=C2C3=C4[C@](C)([C@@H]5C[C@@H]5[C@@]4(O)C[C@@H]4[C@]35OC(=O)C3=C5C[C@H]5[C@](O)(COC(=O)/C(C)=C/COC(=O)CCC(=O)OC3)[C@H]3C[C@H]3[C@]45C)[C@@H](O)[C@]2(O)OC1=O,358000.0
COc1cc(-c2cccc(O)c2F)cc(OC)c1O,80000.0
COc1cc(-c2ccc(F)cc2F)cc(OC)c1O,60000.0
COc1cc(-c2ccc(C(=O)NCc3ccccc3)c(O)c2)cc(OC)c1O,30000.0
CCOC(=O)c1ccc(-c2cc(OC)c(O)c(OC)c2)cc1O,50000.0
CCCCCSCc1cc(=O)c(O)co1,97.0
O=C1NC(=S)NC(=O)C1=Cc1ccc(O[C@@H]2O[C@H](CO)[C@@H](O)[C@@H](O)[C@H]2O)cc1,1160000.0
CC(=O)OC[C@H]1O[C@@H](Oc2ccc(C=C3C(=O)NC(=O)NC3=O)cc2)[C@H](OC(C)=O)[C@H](OC(C)=O)[C@@H]1OC(C)=O,1500000.0
COc1cc(OC)c(C2CCN(C)C2CO)c(O)c1-c1cc(-c2ccccc2Cl)[nH]n1,29400.0
COc1ccc(/C=C2\SC(=O)NC2=O)cc1O,9870.0
CC/C=N\NC(N)=S,200.0
O=C(/C=C/c1cc(=O)c(O)co1)OCCOCCOCCO,79200.0
O=C(NO)Nc1ccc(Br)cc1,2700.0
COc1cc(-c2ccc(C(=O)NCc3ccccc3)cc2)cc(OC)c1O,120000.0
Nn1c(S)nnc1N/N=C\c1ccccc1O,1520.0
Clc1ccc(Cn2cc(COc3ccc(-c4nc5ccccc5[nH]4)cc3)nn2)cc1Cl,9420.0
CCOC(=O)CCc1ccc(O)cc1O,220.0
CC(C)OC(=O)CCc1ccc(O)cc1O,70.0
COc1cc(-c2ccc(C(=O)O)cc2)cc(OC)c1O,50000.0
COc1ccc(C(C)O)cc1-c1cc(OC)c(O)c(OC)c1,190000.0
COc1cc(-c2ccc(F)c(F)c2)cc(OC)c1O,70000.0
O=CN1CCc2cc3c(c4c2[C@H]1Cc1ccccc1-4)OCO3,74300.0
COP(=O)(OC)OCCOc1ccc(C=O)cc1,59000.0
O=C(OCc1ccc(O)cc1)c1cc(O)c(O)c(O)c1,25730.0
COc1cc([C@@H]2Oc3c(O)cc(-c4oc5cc(O)cc(O)c5c(=O)c4O)cc3[C@H]2CO)ccc1O,35900.0
COc1cc(C2NC(=S)NC(C)=C2C(C)=O)ccc1O,20120000.0
Oc1ccccc1C(O)/C=C/c1ccccn1,1700.0
O=C(c1ccc(O)cc1O)N1CCN(Cc2ccc(F)cc2)CC1,1490.0
O=C(c1ccccc1[N+](=O)[O-])N1CCN(Cc2ccc(F)cc2)CC1,870.0
COc1ccc(C(=O)N2CCN(Cc3ccc(F)cc3)CC2)c(OC)c1,1400.0
CCCCOCCOc1ccc(C=O)cc1,3260000.0
O=C1CC(c2ccc(O)cc2O)Oc2cccc(O)c21,1960.0
O=C(NCc1cc(O)c(O)c(O)c1)c1cc(O)c(O)c(O)c1,555000.0
O=C(CSc1nnc(-c2ccccc2)o1)Nc1ccc(Br)cc1,39.0
NC(=S)N/N=C/c1ccc(O)cc1Br,330.0
c1ccc(OCCCN2CCC(N3CCCCC3)CC2)cc1,19520.0
COC(=O)C(C)NC(=O)COc1ccc(C=O)cc1,160000.0
Cc1ccc(C(C)C)c(OC(=O)/C=C/c2ccc(O)cc2)c1,10600.0
O=C(/C=C/c1ccc(O)c(O)c1)NC(Cc1ccccc1)C(=O)NO,4900.0
O=C1/C(=C/c2ccc(O)cc2O)Cc2ccccc21,1390.0
O=c1cc[nH]c(=S)[nH]1,128000.0
COc1ccccc1/C=C/C=N/Nc1nnc(SCc2cc(=O)c(O)co2)n1C,20510.0
O=C1N=C(Nc2nc3ccccc3s2)S/C1=C\c1ccc(O)cc1O,1800.0
COc1ccc(/C(C)=N/NC(N)=S)cc1,110.0
C=CC(C)(C)c1cc(CCCc2cc(O)c3c(c2CC=C(C)C)CC(C(C)(C)O)O3)c(O)cc1O,103100.0
CC(=O)N(O)C(=O)Nc1ccccc1,170000.0
CC(=O)N1N=C(c2cc(O)cc(O)c2)CC1c1ccc(O)cc1,161000.0
CC(=O)N1N=C(c2ccc(O)cc2)CC1c1cccc(O)c1,147000.0
CC(=O)N1N=C(c2ccc(O)cc2O)CC1c1ccc(O)c(O)c1,2740.0
OC[C@H]1O[C@@H](OCCCCCCc2ccc(O)cc2O)[C@H](O)[C@@H](O)[C@@H]1O,630.0
COCCOCCOc1ccc(C=O)cc1,900000.0
CONC(=S)Nc1ccc2ccccc2c1,26000.0
O=C(O)c1cccc(-c2ccccc2)c1,6970.0
CCCOC(=O)Cc1ccc(/C(C)=N/NC(N)=S)cc1,458.0
C/C(=N\NC(N)=S)c1ccc(-c2ccc(O)cc2)cc1,13904.0
O=C1NC(=S)NC(=O)C1=Cc1ccc(O)cc1,14490.0
CC1(C)OC[C@]2(C[C@]34C[C@@H]2CC[C@H]3[C@]2(C)CCCC(C)(C)[C@H]2C(=O)[C@H]4O)O1,323000.0
CC[C@]1(O)CC[C@H]2[C@@H]3CCC4=CC(=O)CC[C@]4(C)[C@H]3[C@H](O)C[C@@]21C,1720.0
COCCCCOc1ccc(C=O)cc1,620000.0
CC1(C)CC(=O)C=C(CO)[C@H]1CO,2200000.0
COc1ccc(CC(=O)c2ccc(O)c(O)c2)cc1,177680.0
O=Cc1ccc(OCCO)cc1,2550000.0
C/C=N\NC(N)=S,230.0
O=c1cc(-c2ccc(O)cc2O)oc2cccc(O)c12,2720.0
CC(C)=CCc1cc(CCCc2ccc(O)cc2O)ccc1O,430.0
CCCCOCCOc1ccc(C=C2C(=O)NC(=O)NC2=O)cc1,45450.0
CCCCOC(=O)CCC(=O)c1cc(C)c(OCC)cc1C(C)C,176500.0
CC(C)[C@H](N)C(=O)N[C@H](C(=O)N[C@@H](CCCCN)C(=O)N[C@@H](CS)C(=O)N[C@@H](CO)C(=O)N[C@@H](Cc1ccccc1)C(=O)N[C@@H](CCCNC(=N)N)C(=O)N1CCC[C@H]1C(=O)NCC(=O)N[C@@H](CO)C(=O)N1CCC[C@H]1C(=O)N[C@@H](C)C(=O)N1CCC[C@H]1C(=O)N[C@@H](CCCNC(=N)N)C(=O)N[C@@H](CS)C(=O)N[C@@H](CCCCN)C(=O)O)C(C)C,199000.0
OC[C@H]1O[C@@H](OCCCCc2ccc(O)cc2O)[C@H](O)[C@@H](O)[C@@H]1O,1360.0
O=c1cc(CSC2CCCCC2)occ1O,87.0
CCCCCCS(=O)(=O)Cc1cc(=O)c(O)co1,49150.0
C=CCOc1cccc2c1C(=O)c1c(OCC=C)cc(CO)cc1C2=O,90990.0
O=C(OCc1ccc(O)cc1)c1c(O)cc(O)cc1O,8000.0
CCN(CC)C(=O)/C=C/c1ccc(O)cc1O,11.2
COc1ccccc1-c1nnc(SCC(=O)Nc2ccc(F)cc2)o1,18.0
COc1cccc(-c2nnc(SCC(=O)Nc3ccc(I)cc3)o2)c1,88.0
COc1ccc([C@@H]2CC(=O)c3c(O)c4c(c(CC=C(C)C)c3O2)OC(C)(C)C=C4)c(O)c1,20400.0
COc1ccc(CCC(=O)c2ccc3c(c2O)CC(O)C(C)(C)O3)cc1,32600.0
Cc1c(C)c2c(c(C)c1O)CCC(C)(C(=O)OCc1cc(=O)c(O)co1)O2,5360.0
O=Cc1ccc(OCCOC(=O)CCC(=O)O)cc1,620000.0
O=Cc1ccc(OCCOP(=O)(O)O)cc1,820000.0
O=C(NCc1cc(O)c(O)c(O)c1)c1ccc(O)cc1O,550000.0
C=CCOc1cccc2c1C(=O)c1c(OCC=C)cc(C=O)cc1C2=O,92370.0
COCCOC(=O)/C=C/c1cc(=O)c(O)co1,98100.0
C[C@@H](O)[C@H](NC(=O)[C@H](CO)NC(=O)[C@H](Cc1ccccc1)NC(=O)[C@@H](N)Cc1ccccc1)C(=O)N[C@@H](CO)C(=O)N[C@@H](CS)C(=O)N[C@@H](CCCNC(=N)N)C(=O)N[C@@H](CO)C(=O)NCC(=O)N[C@@H](CS)C(=O)O,187000.0
O=C1ON=C(c2ccccc2)/C1=C/c1ccc(O)c(Br)c1,14620.0
COc1cc(-c2ccc(O)c(OCc3ccccc3)c2)cc(OC)c1OC,170000.0
Cc1nnc(SCc2cc(=O)c(O)co2)n1NCc1ccc(O)cc1O,5800.0
COCCOCCOCCOC(=O)/C=C/c1cc(=O)c(O)co1,67600.0
COCC(O)COc1ccc(C=O)cc1,750000.0
COC(=O)C(Cc1c[nH]c2ccccc12)NC(=O)COc1ccc(C=O)cc1,110000.0
CCCCCOc1ccc(/C=N/NC(N)=S)cc1,1090.0
N=C(S)N/N=C/c1ccc(Oc2ccc(F)cc2)cc1,1460.0
O=C(O)CCc1ccccc1O[C@@H]1O[C@H](CO)[C@@H](O)[C@H](O)[C@H]1O,570000.0
CC(=O)Oc1c(/N=N/c2ccc(C3=N/C(=C/c4ccc(F)cc4)C(=O)O3)cc2)ccc2ccccc12,4330.0
S=c1oc(Cc2cccc3ccccc23)nn1CN1CCOCC1,1340.0
Oc1ccc(CCc2ccc(O)cc2O)c(O)c1,370.0
O=C(NO)Nc1ccc(O)cc1,41000.0
O=c1cc(Cn2cc(COc3ccc4c(c3)OCO4)nn2)occ1O,60.0
COc1ccc(C=O)cc1OCc1cn(Cc2cc(=O)c(O)co2)nn1,1950.0
O=Cc1ccc(OCc2cn(Cc3cc(=O)c(O)co3)nn2)cc1,1050.0
O=C(O)c1ccc(OCc2cn(Cc3cc(=O)c(O)co3)nn2)cc1,3130.0
O=C(NO)Nc1ccc(NC(=O)NO)cc1,27000.0
C/C(=N\NC(N)=S)c1cccc(NC(=O)Cc2ccccc2)c1,1790.0
O=C(/C=C/c1cc(=O)c(O)co1)OCCO,74900.0
C=CC(C)(C)c1cc(CCCc2cc(O)c(O)c(CC3OC3(C)C)c2CC=C(C)C)c(O)cc1O,26900.0
NC(=S)N/N=C/c1ccccc1F,32000.0
CN(C(=O)NO)c1ccccc1,16000.0
O=C(NO)Nc1ccc(C(F)(F)F)cc1,4300.0
O=C(NO)Nc1ccc(OCc2ccccc2)cc1,6300.0
CC(=O)Nc1ccc(/C(C)=N/NC(N)=S)cc1,508.0
O=C1NC(=O)C(=Cc2cc(O)c(O)c(O)c2)C(=O)N1,5510.0
COc1ccc(CC/C(C)=N/NC(=S)NN)cc1,208500.0
C/C(CCc1ccc(OCC(=O)O)cc1)=N\NC(N)=S,593.0
COc1cc(C2CC(c3ccc(O)cc3O)=NN2)ccc1O,2430.0
CCCCCCC(=O)Nc1cccc(/C(C)=N/NC(N)=S)c1,2202.0
C/C(=N\NC(N)=S)c1ccc(NC(=O)c2ccccc2)cc1,291.0
CCCOc1ccc(CC/C(C)=N/NC(N)=S)cc1,264.0
COc1cccc(-c2nnc(SCC(=O)Nc3ccc(Br)cc3)o2)c1,145.0
COc1c2c(cc3c1C[C@H](c1ccc(O)cc1O)CO3)OC(C)(C)C=C2,30.0
O=c1cc(CSc2nnc(-c3ccccc3)n2NCc2ccccc2O)occ1O,1500.0
O=C(/C=C/c1ccc(O)cc1)OCC(=O)Oc1ccc2ccc(=O)oc2c1,123800.0
CC(C)c1ccc(O)c(=O)cc1,70.0
COc1ccc(CCc2ccc(O)cc2O)cc1,31640.0
Cn1c2ccccc2c2cc(/C=C/C(=O)c3cccc(NC(=O)c4ccc(Cl)cc4)c3)ccc21,17520.0
Cn1c2ccccc2c2cc(/C=C/C(=O)c3cccc(NC(=O)c4cccc(C(F)(F)F)c4)c3)ccc21,65160.0
Cn1c2ccccc2c2cc(/C=C/C(=O)c3cccc(N)c3)ccc21,50500.0
Oc1ccc(CCc2ccc(O[C@@H]3OC[C@@H](O)[C@H](O)[C@H]3O)cc2O)c(O)c1,430.0
Cc1ccc(S(=O)(=O)Oc2ccccc2/N=N/c2ccc(O)cc2)cc1,200770.0
CC(=O)OC[C@H]1O[C@@H](Oc2cccc(C=C3C(=O)NC(=S)NC3=O)c2)[C@H](OC(C)=O)[C@@H](OC(C)=O)[C@@H]1OC(C)=O,870000.0
Cn1ccn(C(=O)OC(C)(C)C)c1=S,1450000.0
COc1cc(-c2cccc(OCc3ccccc3)c2)cc(OC)c1OC,550000.0
Oc1ccc(CCc2ccc(O)cc2O)cc1,8440.0
O=C(NCc1ccccc1)c1cc(O)cc(O)c1,700000.0
O=C(NCc1ccccc1)c1cc(O)c(O)c(O)c1,780000.0
COc1cc([C@@H]2[C@H]3CO[C@@]4(O)C(=O)[C@@H]2C=C([C@H]2Oc5cc(O)cc(O)c5C(=O)[C@@H]2O)[C@@H]34)ccc1O,2600.0
COCCCCOc1ccc(C=C2C(=O)NC(=S)NC2=O)cc1,77800.0
COc1ccc(/C=C/C(=N\O)c2cc3ccccc3cc2O)cc1OC,42270.0
C[C@H](CCc1ccc(O)cc1O)O[C@@H]1OC[C@@H](O)[C@H](O)[C@H]1O,1720.0
CCCCCCCC/C(I)=C(/I)CCCCCCCC(=O)OCC(COC(=O)CCCCCCC/C(I)=C(/I)CCCCCCCC)OC(=O)CCCCCCC/C(I)=C(/I)CCCCCCCC,30000.0
C/C(CCc1ccc(OC(=O)c2ccccc2)cc1)=N\NC(N)=S,156.0
CCCCCOc1ccc(CC/C(C)=N/NC(N)=S)cc1,412.0
O=C1ON=C(c2ccccc2)/C1=C/c1ccc(O)cc1O,32080.0
CN(O)C(=O)Nc1ccc([N+](=O)[O-])cc1,770000.0
Oc1ccc(CCc2ccc(O[C@@H]3OC[C@@H](O)[C@H](O)[C@H]3O)cc2O[C@@H]2OC[C@@H](O)[C@H](O)[C@H]2O)c(O)c1,730.0
CC1(C)C=Cc2c(O)cc(-c3cc4ccc(O)cc4o3)cc2O1,12000.0
O=C(NCc1cc(O)c(O)c(O)c1)c1ccc(O)c(O)c1,280000.0
CCC(=O)OCc1csc(/C=N/NC(N)=S)c1,161.0
COc1ccccc1NC(=S)Nc1nnc(SCC(=O)O)s1,27100.0
CCCCC[S+]([O-])Cc1cc(=O)c(O)co1,79870.0
CCCCCC[S+]([O-])Cc1cc(=O)c(O)co1,73750.0
O=C1/C(=C/c2ccc(O)cc2)CC/C1=C\c1ccc(O)cc1O,1740.0
O=c1cc(CSc2nncn2NCc2ccccc2O)occ1O,5850.0
Cc1occc(=S)c1O,3800.0
CCCCCCCCOC(=O)CCc1ccc(O)cc1O,700.0
Clc1ccc(-c2csc(N/N=C/c3cc4ccccc4s3)n2)cc1,390100.0
O=C(/C=C/c1cccc(O)c1)NCCNC(=O)/C=C/c1cccc(O)c1,95300.0
CC(C)=CCC/C(C)=C/Cc1c(O)ccc(C2COc3cc(O)cc(O)c3C2=O)c1O,2900.0
COc1cc([C@@H]2Oc3ccc([C@H]4Oc5cc(O)cc(O)c5C(=O)[C@@H]4O)cc3O[C@H]2CO)ccc1O,4900.0
S=c1oc(Cc2cccc3ccccc23)nn1CN1CCCCC1,970.0
COc1cc(-c2cccc(OC)c2F)cc(OC)c1O,60000.0
COCCOCCOc1ccc(/C=N/NC(N)=S)cc1,340.0
Fc1ccc(-c2csc(N/N=C/c3cc4ccccc4s3)n2)cc1,396100.0
Cc1ccc(-c2csc(N/N=C/c3cc4ccccc4s3)n2)cc1,466400.0
CC(C)C(=O)N1CCC(Cc2ccc(F)cc2)CC1,35260.0
COCCOCCOc1ccc(CC2C(=O)NC(=S)NC2=O)cc1,132460.0
COc1cc([C@@H]2Oc3c(O)cc([C@H]4Oc5cc(O)cc(O)c5C(=O)[C@@H]4O)cc3[C@H]2CO)ccc1O,28800.0
COc1ccc(C(=O)N/N=C/c2cc(OC)c(OC)c(OC)c2)cc1OC,37410.0
COc1ccc(C(=O)N/N=C/c2ccc(O)cc2O)cc1OC,31530.0
CCC(C)(C)C(OC(=O)CCc1ccc(O)cc1O)C(C)(C)CC,150.0
CCOP(=O)(OCC)OCCOc1ccc(C=O)cc1,550000.0
Nc1ccc(C(=O)/C=C/c2ccc(O)cc2)cc1,8300.0
CCCCCCCCCCNc1ccc(O)cc1,5700.0
NC(=S)N/N=C/c1ccc(/C=C/c2ccccc2)cc1,3101.0
CCCCOC(=O)CCCc1ccc(/C(C)=N/NC(N)=S)cc1,5901.0
CCCOC(=O)COc1ccc(-c2ccc(/C(C)=N/NC(N)=S)cc2)cc1,485.0
NC(=S)N/N=C/c1ccc(Oc2ccccc2)cc1,980.0
COC(=O)C(CC(C)C)NC(=O)COc1ccc(C=O)cc1,1650000.0
CNC(=S)N/N=C(\C)c1ccc(O)cc1O,6000.0
COCc1csc(/C=N/NC(N)=S)c1,740.0
CCCC(=O)OCc1csc(/C=N/NC(N)=S)c1,105.0
COc1cccc(OC(=O)COC(=O)c2cccc(O)c2)c1,314500.0
COc1cccc(OC(=O)COC(=O)/C=C/c2ccccc2O)c1,172800.0
O=C(O)c1cccc(O)n1,159000.0
O=C(NCc1ccc(O)cc1O)c1cc(O)cc(O)c1,2200.0
O=C(c1ccc(O)cc1)N1CCN(Cc2ccc(F)cc2)CC1,27410.0
O=C(c1ccccc1O)N1CCN(Cc2ccc(F)cc2)CC1,7060.0
Cc1ccccc1C(=O)N1CCN(Cc2ccc(F)cc2)CC1,5250.0
C/C(=N\NC(N)=S)c1cccc(C)c1C,448.0
C/C(=N\NC(N)=S)c1cccc2c1CCCC2,2382.0
Cc1ccc(/C(=N/NC(N)=S)C(C)C)cc1,115150.0
CCCCOCCOc1ccc(CC2C(=O)NC(=S)NC2=O)cc1,179310.0
O=C(/C=C/c1ccc(O)cc1)c1ccc(NS(=O)(=O)c2ccccc2)cc1,22500.0
C/C(=N/NC(N)=S)c1ccc(O)cc1,310.0
CC/C(C)=N\NC(N)=S,280.0
COc1cccc(OC(=O)COC(=O)c2ccc(O)cc2)c1,337700.0
CC(C)=CCC/C(C)=C/Cc1c(O)ccc(C2(O)COc3cc(O)cc(O)c3C2=O)c1O,144000.0
C/C(=N\NC(N)=S)c1cccc2ccccc12,1912.0
O=C(NCc1cc(O)c(O)c(O)c1)c1cc(O)cc(O)c1,705000.0
O=C(CCc1ccccc1O)O[C@@H]1O[C@H](CO)[C@@H](O)[C@H](O)[C@H]1O,670000.0
CO[C@@]12OC(=O)C(C)=C1C1=C3[C@](C)([C@@H]4C[C@@H]4[C@@]3(O)C[C@@H]3[C@]14OC(=O)C1=C4C[C@H]4[C@](O)(COC(=O)/C(C)=C/COC(=O)CCC(=O)OC1)[C@H]1C[C@H]1[C@]34C)[C@H]2O,312000.0
Fc1ccc(CN2CCNCC2)cc1,85500.0
COc1ccccc1C(=O)N1CCN(Cc2ccc(F)cc2)CC1,2030.0
COc1ccc(/N=C/c2ccc(O)cc2O)cc1,51490.0
COc1cc(O)c(C=O)cc1Cc1cc(C=O)c(O)cc1OC,117000.0
O=c1cc(CSc2nnc(-c3ccccc3Cl)n2/N=C/c2ccc(O)c(O)c2)occ1O,5200.0
CCc1nnc(SCc2cc(=O)c(O)co2)n1NCc1ccccc1O,7600.0
CCCCSCc1cc(=O)c(O)co1,1480.0
CCCCCCCSCc1cc(=O)c(O)co1,2650.0
CCOCc1csc(/C=N/NC(N)=S)c1,490.0
O=C(NCc1ccc(O)cc1O)c1cc(O)c(O)c(O)c1,17000.0
CC(C)C(=O)N1CCN(Cc2ccc(F)cc2)CC1,30900.0
Oc1cccc(C2CC(c3ccc(O)cc3O)=NN2)c1,837.0
CN(C)c1ccc(/C=N/NC(=S)Nc2ccccc2)cc1,1780.0
COc1ccccc1-c1nnc(SCC(=O)Nc2ccc(I)cc2)o1,23.0
O=c1cc(OCc2cn(Cc3cc(=O)c(O)co3)nn2)c2ccccc2o1,20.0
COc1cccc(-c2nnc(SCC(=O)Nc3ccccc3)o2)c1,19.0
O=C(NC(Cc1ccccc1)C(=O)NO)OCc1cc(=O)c(O)co1,4200.0
COCCOCCOc1ccc(C=C2C(=O)NC(=S)NC2=O)cc1,34200.0
COc1ccc(/C=N/c2ccccc2)cc1,212000.0
CCOc1ccc(/C=N/NC(N)=S)cc1,1920.0
O=C(NCc1ccc(O)cc1O)c1ccc(O)c(O)c1,11000.0
CC(C)/C(=N\NC(N)=S)c1ccc(C(C)C)cc1,88970.0
CCCCCCc1ccc(/C(C)=N/NC(N)=S)cc1,483.0
C/C(=N\NC(N)=S)c1ccc(CCC(=O)O)cc1,394.0
COC(=O)CCCc1ccc(/C(C)=N/NC(N)=S)cc1,232.0
CCOC(=O)CCCc1ccc(/C(C)=N/NC(N)=S)cc1,278.0
CCOC(=O)COc1ccc(-c2ccc(/C(C)=N/NC(N)=S)cc2)cc1,437.0
COc1cc(-c2ccccc2C)cc(OC)c1O,170000.0
CCC/C(=N\NC(N)=S)c1ccc(C)cc1,35350.0
C/C(=N\NC(N)=S)c1ccc(-c2ccc(OC(=O)C(C)(C)C)cc2)cc1,2466.0
C=C(CO)[C@@H]1CC[C@]2(C(=O)O)CC[C@]3(C)[C@H](C[C@@H](O)[C@@H]4[C@@]5(C)CC[C@@H](O)[C@@](C)(C=O)[C@@H]5CC[C@]43C)[C@@H]12,63500.0
COc1ccc(NC2=NC(=O)/C(=C/c3cn(-c4ccccc4)nc3-c3ccc(Br)cc3)S2)c(OC)c1,131080.0
CC(=O)N1N=C(c2ccc(O)cc2O)CC1c1ccc(O)cc1,1690.0
Cc1ccc(C(=O)Nc2cccc(C(=O)/C=C/c3ccc4c(c3)c3ccccc3n4C)c2)cc1,15150.0
CC(C)=CCc1cc2cc(-c3cc(O)cc(O)c3)oc2cc1O,924.0
CN(C)c1ccc(/N=N/c2ccc(C3=N/C(=C/c4ccc(OC(F)(F)F)cc4)C(=O)O3)cc2)cc1,1440.0
CC[C@H](C)[C@H](NC(=O)[C@H](CS)NC(=O)[C@H](CCCNC(=N)N)NC(=O)[C@H](CO)NC(=O)[C@@H](N)[C@@H](C)O)C(=O)N[C@@H](Cc1ccccc1)C(=O)N[C@@H](Cc1ccc(O)cc1)C(=O)N[C@@H](CCCNC(=N)N)C(=O)N[C@@H](CCCNC(=N)N)C(=O)N[C@@H](CS)C(=O)N[C@H](C(=O)N[C@@H](CS)C(=O)N[C@@H](CO)C(=O)O)C(C)C,128000.0
COc1ccc(NC2=NC(=O)/C(=C/c3cn(-c4ccccc4)nc3-c3ccc(Cl)cc3Cl)S2)c(OC)c1,81680.0
CCCCCCCCCOC(=O)c1ccc(O)c(O)c1,81000.0
COc1ccc(C(=O)NCc2ccc(O)cc2O)cc1C12CC3CC(CC(C3)C1)C2,1400.0
OC[C@H]1O[C@@H](OCCCc2ccc(O)cc2O)[C@H](O)[C@@H](O)[C@@H]1O,3620.0
OC[C@H]1O[C@@H](OCCc2ccc(O)cc2O)[C@H](O)[C@@H](O)[C@@H]1O,35900.0
CC1(C)C=Cc2c(cc3c(c2O)C(=O)CC(c2ccc(O)cc2O)O3)O1,18610.0
CCCCOc1ccc(/C=N/NC(N)=S)cc1,1310.0
CNC(=S)N/N=C(\C)c1ccc(OC)cc1O,18000.0
NC(=S)N/N=C/c1ccco1,2350.0
NC(=S)N/N=C/c1cccs1,430.0
C/C(=N\NC(N)=S)c1ccco1,824.0
NC(=S)N/N=C/c1cc(COCCO)cs1,1420.0
COc1cc(OC)c(C2CCN(C)C2CO)c(O)c1-c1cc(-c2ccc([N+](=O)[O-])cc2Cl)[nH]n1,21500.0
O=c1cc(CSc2nncn2/N=C/c2ccc(O)cc2)occ1O,8540.0
O=C(NCc1ccccc1)c1ccc(O)cc1O,1660000.0
COc1ccc(C2NC(=S)NC(C)=C2C(C)=O)cc1,25110000.0
O=C(/C=C/c1ccc2c(c1)OCCO2)OCc1cc(=O)c(O)co1,1520.0
N#Cc1ccc(OCc2cn(Cc3cc(=O)c(O)co3)nn2)cc1,60.0
CC(=O)Nc1ccc(OCc2cn(Cc3cc(=O)c(O)co3)nn2)cc1,60.0
COc1ccc(OCc2cn(Cc3cc(=O)c(O)co3)nn2)cc1,60.0
CCCCCCn1cc(O)c(=O)cc1/C=N/OCC,13890.0
O=C(/C=C/c1ccc(O)cc1O)c1c(O)cc(O)cc1O,1000.0
Oc1cc(O)cc(CC(c2ccc(O)cc2O)c2c(O)cc(/C=C/c3ccc(O)cc3O)cc2O)c1,39000.0
O=C1CC(c2ccc(O)cc2O)Oc2cc(O)cc(O)c21,26500.0
COc1ccccc1/C=N/NC(=O)c1ccc(OC)c(OC)c1,35160.0
O=Cc1ccc(Cl)nc1,770000.0
NC(=S)N/N=C\c1ccc(O[C@@H]2O[C@H](CO)[C@@H](O)[C@@H](O)[C@H]2O)cc1,3610.0
CCC(=O)N1CCN(Cc2ccc(F)cc2)CC1,51080.0
COc1ccc(NC2=NC(=O)/C(=C/c3cn(-c4ccccc4)nc3-c3ccccc3Cl)S2)c(OC)c1,34120.0
CCOc1cc(/C=N/NC(=O)c2ccc(O)c(OC)c2)ccc1O,1580.0
O=C(/C=C/c1ccc(O)cc1O)c1cccs1,930.0
OCC1CSC(c2ccc(O)cc2O)S1,13940.0
NC(=S)N/N=C\c1ccc(O[C@@H]2OC[C@@H](OC(=O)c3ccccc3)[C@H](OC(=O)c3ccccc3)[C@H]2OC(=O)c2ccccc2)cc1,36500.0
CC(=O)C1=C(C)NC(=S)NC1c1ccccc1O,16250000.0
CCOc1cccc2cc(-c3ccccc3)c(=O)oc12,2070000.0
CC(=O)c1c(O)ccc(C(c2ccc(O)cc2O)c2ccc(O)c(C(C)=O)c2O)c1O,16170.0
O=Cc1ccc(OCOC(CO)CO)cc1,270000.0
O=Cc1ccc(OCC2CO2)cc1,590000.0
O=C(NCc1ccc(O)cc1)c1cc(O)c(O)c(O)c1,1180000.0
CC(=O)N1N=C(c2ccc(O)cc2)CC1c1ccc(O)c(O)c1,1070.0
CCCCCCCCC(=O)N/C(=C\c1ccc(O)cc1)C(=O)O,250000.0
CO[C@]1(C)C=Cc2cc(O)ccc2O1,490000.0
C/C(=N\NC(N)=S)c1ccc(NC(=O)Cc2ccccc2)cc1,578.0
COC(=O)Nc1ccc(/C(C)=N/NC(N)=S)cc1,498.0
CCCCCCC(=O)Nc1ccc(/C(C)=N/NC(N)=S)cc1,356.0
NC(=S)NCCCc1ccccc1,64800.0
O=Cc1ccccc1O,833000.0
CCCCC(=O)NC(=S)Nc1c(C)cc(C)cc1C,19658.0
O=C(OCc1cccc(O)c1)c1cc(O)cc(O)c1,6110.0
O=C(OCc1ccc(O)cc1)c1cc(O)ccc1O,12290.0
OC[C@H]1O[C@H](Oc2cc(CCc3ccc(O)cc3O)cc(O[C@H]3O[C@H](CO)[C@@H](O)[C@H](O)[C@H]3O)c2)[C@H](O)[C@@H](O)[C@@H]1O,12800.0
CCOC(OCC)c1ccc(/C=C2\CCC/C(=C\c3ccc(C(OCC)OCC)cc3)C2=O)cc1,10110.0
Cc1ccc(C(C)C)cc1NC(=O)COC(=O)/C=C/c1ccc(O)cc1O,150.0
Oc1ccc(-c2nc3cc4c(cc3s2)CCC4)c(O)c1,500.0
CCOC(=O)CCCOc1ccc(CC/C(C)=N/NC(N)=S)cc1,328.0
CCCCCOc1ccc(C/C(C)=N/NC(N)=S)cc1,613.0
CC1(C)CCC[C@]2(C)[C@@H]1C(=O)[C@@H](O)[C@@]13C[C@H](CC[C@@H]21)[C@@](O)(CO)C3,336000.0
COc1cc(/C=C/C(=N\O)c2cc3ccccc3cc2O)cc(OC)c1,52850.0
O=Cc1cc(Cc2ccc(O)c(C=O)c2)ccc1O,74000.0
CC(=O)OC[C@H]1O[C@@H](Oc2ccc(/C=N\NC(N)=S)cc2)[C@H](OC(C)=O)[C@@H](OC(C)=O)[C@H]1OC(C)=O,410.0
NC(=S)N/N=C\c1ccc(O[C@@H]2O[C@H](CO)[C@@H](O)[C@H](O)[C@H]2O)cc1,2960.0
CC1(C)CCC[C@]2(C)[C@@H]1C(=O)[C@H](O)[C@@]13C[C@H](CC[C@@H]21)[C@@](O)(CO)C3,317000.0
O=Cc1ccc(OCC(O)CO)cc1,1260000.0
CC(C)/C(=N\NC(N)=S)c1ccc(C2CCCCC2)cc1,98310.0
COc1cc2c(c(OC)c1OC)[C@@H]1O[C@H](COC(=O)c3ccc(O)c(O)c3)[C@@H](O)[C@H](O)[C@H]1OC2=O,9100.0
COc1ccc(NC2=NC(=O)/C(=C/c3cn(-c4ccccc4)nc3-c3ccc(Cl)cc3)S2)c(OC)c1,74020.0
COc1ccc(-c2nn(-c3ccccc3)cc2/C=C2\SC(Nc3ccc(OC)cc3OC)=NC2=O)cc1,114050.0
O=C(OCc1ccccc1O)c1c(O)cc(O)cc1O,19940.0
CN1CCN(Cn2nc(Cc3cccc4ccccc34)oc2=S)CC1,1490.0
C/C(=N\NC(N)=S)c1cccc(NC(=O)c2ccccc2)c1,1530.0
CCCCC(=O)Nc1ccc(/C(C)=N/NC(N)=S)cc1,492.0
C/C(CCc1ccc(OCc2ccc(Br)cc2)cc1)=N\NC(N)=S,438.0
Cn1c2ccccc2c2cc(/C=C/C(=O)c3cccc(NC(=O)/C=C/c4ccccc4)c3)ccc21,78160.0
O=C1NC(=S)NC(=O)C1Cc1ccc(O)cc1,70020.0
O=C1NC(=S)NC(=O)C1Cc1ccc(OCCO)cc1,155930.0
CC(=O)OC[C@H]1O[C@@H](Oc2ccc(C=O)cc2O)[C@H](OC(C)=O)[C@@H](OC(C)=O)[C@@H]1OC(C)=O,430000.0
Cn1c2ccccc2c2cc(/C=C/C(=O)c3cccc(NC(=O)c4ccccc4F)c3)ccc21,18250.0
Cc1ccc(NC(N)=S)cc1,1400.0
CC(C)(C)c1ccc(NC(N)=S)cc1,1700.0
CC(C)=CCc1c2c(c(O)c3c1O[C@H](c1ccc(O)cc1O)CC3=O)C=CC(C)(C)O2,1790.0
O=C(c1ccc(F)cc1F)N1CCN(Cc2ccc(F)cc2)CC1,1910.0
O=C(c1ccccc1Cl)N1CCN(Cc2ccc(F)cc2)CC1,3120.0
CCCCCc1ccc(/C(C)=N/NC(N)=S)cc1,495.0
O=C1OC(c2ccc(/N=N/c3ccc(N4CCOCC4)cc3)cc2)=N/C1=C/c1ccc(F)cc1Cl,16020.0
CCCCCC(=O)Nc1ccc(/C(C)=N/NC(N)=S)cc1,762.0
O=C(OCc1cc(=O)c(O)co1)c1ccc2cc(O)ccc2c1,9650.0
Cn1c2ccccc2c2cc(/C=C/C(=O)c3cccc(NC(=O)c4cccc(F)c4)c3)ccc21,42000.0
Cn1c2ccccc2c2cc(/C=C/C(=O)c3cccc(NC(=O)c4cccs4)c3)ccc21,71920.0
CC(=O)Nc1cccc(C(=O)/C=C/c2ccc3c(c2)c2ccccc2n3C)c1,77500.0
CCCCC(=O)NC(=S)Nc1ccc([N+](=O)[O-])cc1,7986.0
COc1ccc(NC2=NC(=O)/C(=C/c3cn(-c4ccccc4)nc3-c3cccc(Cl)c3)S2)c(OC)c1,52620.0
COc1ccc(/C=C/C(=O)NCCc2c[nH]c3ccc(O)cc23)cc1,23800.0
O=C1OC(c2ccc(/N=N/c3ccc(N4CCOCC4)cc3)cc2)=N/C1=C/c1cccs1,13650.0
COc1cc(C=O)ccc1OC(=O)COC(=O)/C=C/c1ccc(Cl)cc1,30850.0
CC(=O)Oc1c(/N=N/c2ccc(C3=N/C(=C/c4ccc(OC(F)(F)F)cc4)C(=O)O3)cc2)ccc2ccccc12,3980.0
CCOCOc1cccc2c1C(=O)c1c(OCOCC)cc(/C=N/NC(N)=S)cc1C2=O,58060.0
O=c1cc(CSc2nncn2/N=C/c2ccc(O)cc2O)occ1O,9600.0
Cc1nnc(SCc2cc(=O)c(O)co2)n1NCc1ccccc1O,10200.0
CC(=O)Nc1cccc(/C(C)=N/NC(N)=S)c1,4120.0
O=C(c1ccc(C(F)(F)F)cc1C(F)(F)F)N1CCN(Cc2ccc(F)cc2)CC1,1630.0
O=C(c1ccccc1C(F)(F)F)N1CCN(Cc2ccc(F)cc2)CC1,480.0
C/C(Cc1ccc(O)cc1)=N\NC(N)=S,2710.0
C/C(CCc1ccc(OCCCC(=O)O)cc1)=N\NC(N)=S,678.0
C/C(CCc1ccc(OC(=O)C(C)C)cc1)=N\NC(N)=S,288.0
CC(=O)Oc1ccc(CC/C(C)=N/NC(N)=S)cc1,72.0
C/C(CCc1ccc(OCCC(C)C)cc1)=N\NC(N)=S,475.0
CCOC(=O)CCCOc1ccc(C/C(C)=N/NC(N)=S)cc1,478.0
O=C(NCc1ccc(O)cc1O)c1ccc(O)cc1O,900.0
COc1ccc(C(=O)NCc2ccc(O)cc2O)c(OC)c1,400.0
O=C(NCc1ccc(O)cc1O)c1ccc(O)c(C23CC4CC(CC(C4)C2)C3)c1,900.0
CCCCCCCCCCCCCCC(=O)OCCC,22340.0
O=C(CSc1nnc(-c2ccccc2)o1)Nc1ccc(F)cc1,396.0
COc1cccc(-c2nnc(SCC(=O)Nc3ccc(F)cc3)o2)c1,27.0
O=c1cc(Cn2cc(COc3ccc(F)cc3)nn2)occ1O,60.0
CC[C@H](C)[C@H](NC(=O)[C@H](C)NC(=O)[C@@H]1CCCN1C(=O)[C@@H](NC(=O)[C@@H](N)Cc1ccccc1)C(C)C)C(=O)N[C@@H](CC(C)C)C(=O)N[C@@H](CS)C(=O)N[C@@H](CO)C(=O)N[C@H](C(=O)N[C@@H](CC(C)C)C(=O)N[C@@H](CCCCN)C(=O)N[C@H](C(=O)N[C@@H](CS)C(=O)O)[C@@H](C)O)[C@@H](C)CC,147000.0
CCCCc1ccc(/C(CCC)=N/NC(N)=S)cc1,28810.0
CCOC(=O)Cc1ccc(/C(C)=N/NC(N)=S)cc1,358.0
CC(C)[C@H](NC(=O)[C@@H](N)Cc1ccccc1)C(=O)NCc1cc(=O)c(O)c[nH]1,14260.0
CC(C)[C@H](NC(=O)OCc1ccccc1)C(=O)OCc1cc(=O)c(O)c[nH]1,12480.0
Cc1cccc(C(=O)Nc2cccc(C(=O)/C=C/c3ccc4c(c3)c3ccccc3n4C)c2)c1,29300.0
C=CC(C)(C)c1cc(CCCc2cc(O)c3c(c2CC=C(C)C)CCC(C)(C)O3)c(O)cc1O,164700.0
CCCCCCCOC(=O)c1ccc(O)c(O)c1,316000.0
CCCOC(=O)CCC(=O)c1cc(C)c(OCC)cc1C(C)C,217900.0
O=C1/C(=C\c2ccc(O)cc2O)Cc2ccccc21,12300.0
CC(C)CCCCCCC(=O)N/C(=C\c1ccc(O)cc1)C(=O)O,470000.0
COc1cccc(OC(=O)COC(=O)/C=C/c2ccc(O)cc2)c1,5700.0
C[C@@H](CCc1ccc(O)cc1O)O[C@@H]1OC[C@@H](O)[C@H](O)[C@H]1O,4560.0
CCCCC/C=C\C/C=C\CCCCCCCC(=O)OCC(COC(=O)CCCCCCC/C=C\C/C=C\CCCCC)OC(=O)CCCCCCC/C=C\C/C=C\CCCCC,8400.0
COc1cccc(OC(=O)COC(=O)c2ccc(O)c(O)c2)c1,298700.0
COc1cccc(OC(=O)COC(=O)c2cc(O)cc(O)c2)c1,192700.0
COc1cccc(OC(=O)COC(=O)/C=C/c2ccccc2)c1,39400.0
COc1ccc(C=C2C(=O)NC(=O)NC2=O)cc1,100000.0
O=C(O)c1ccc(S)nc1,42000.0
O=C1NC(=S)NC(=O)C1=Cc1ccc(O)c(O)c1,6100.0
CCCCCC(=O)Nc1cccc(/C(C)=N/NC(N)=S)c1,1690.0
Brc1ccc(-c2csc(N/N=C/c3cc4ccccc4s3)n2)cc1,433300.0
O=C(/C=C/c1ccc(O)cc1)NCCNC(=O)/C=C/c1ccc(O)cc1,4600.0
CCCCCCCCSCc1cc(=O)c(O)co1,46180.0
COc1ccc(/C=C2\CC(=O)NC2=O)cc1O,2230.0
Cn1c2ccccc2c2cc(/C=C/C(=O)c3cccc(NC(=O)c4ccccc4)c3)ccc21,14010.0
CC(=O)N1CCC(Cc2ccc(F)cc2)CC1,25110.0
O=C(c1ccccc1F)N1CCN(Cc2ccc(F)cc2)CC1,3750.0
O=C(c1cccc(F)c1)N1CCN(Cc2ccc(F)cc2)CC1,54680.0
O=C(c1ccc(F)cc1)N1CCN(Cc2ccc(F)cc2)CC1,7770.0
COc1cccc(C(=O)N2CCN(Cc3ccc(F)cc3)CC2)c1,27040.0
COc1ccc(C(=O)N2CCN(Cc3ccc(F)cc3)CC2)cc1,9140.0
O=C(c1cccc(O)c1)N1CCN(Cc2ccc(F)cc2)CC1,12640.0
O=C(O)CSc1nnc(NC(=S)Nc2ccccc2)s1,27700.0
O=C(O)CSc1nnc(NC(=S)Nc2cccc(F)c2)s1,31300.0
Cc1ccnc(Nc2nc(-c3ccc(O)cc3O)cs2)c1,100.0
C=C(C)[C@@H]1CC[C@]2(C(=O)O)CC[C@]3(C)[C@H](CC[C@@H]4[C@@]5(C)CC[C@@H](O)[C@@](C)(C=O)[C@@H]5CC[C@]43C)[C@@H]12,25810.0
COc1cccc2c1c(C(=O)C(=O)Nc1cc[nH]n1)cn2Cc1ccc(F)cc1,224000.0
O=c1cc(-c2ccc(O)c(O)c2)oc2c(O)c(O)ccc12,70.0
O=c1cccccc1O,400.0
COc1ccc(C(C)=O)c(O)c1,121400.0
CCCCNC(=O)c1ccc(-c2cc(OC)c(O)c(OC)c2)cc1,70000.0
COc1ccc(C(=O)N/N=C/c2cccc(O)c2O)cc1OC,20630.0
C/C(=N/NC(N)=S)c1ccc(O)cc1O,580.0
O=[N+]([O-])c1ccc(S(=O)(=O)N2CCC(N3CCCCC3)CC2)cc1,110790.0
COCCOCCOC(=O)/C=C/c1cc(=O)c(O)co1,59100.0
CCCCc1ccc(O)cc1O,150.0
O=C(O)/C=C/c1ccccc1,209500.0
O=C(O)CSc1nnc(NC(=S)Nc2ccc(F)cc2)s1,20900.0
O=C(O)CSc1nnc(NC(=S)Nc2ccc(Cl)cc2)s1,26300.0
COc1c(O)cc(-c2oc3cc(O)cc(O)c3c(=O)c2O[C@@H]2O[C@@H](C)[C@H](OC(C)=O)[C@@H](O)[C@H]2O)cc1O,190000.0
CC(=O)N1N=C(c2ccc(O)cc2O)CC1c1cccc(O)c1,863.0
C/C(=N\NC(N)=S)c1ccc[nH]1,4148.0
C=CCOc1ccc(/C=N/NC(N)=S)cc1,1290.0
COc1cc(C=O)ccc1OC(=O)COC(=O)c1ccc(O)cc1O,42600.0
C/C(CCc1ccc(O)cc1)=N/NC(N)=S,540.0
O=C(/C=C/c1ccc(O)cc1)c1ccc(O)cc1,4800.0
Oc1ccc(/N=N/c2ccccc2O)cc1,44110.0
COc1cc(C2Oc3cc([C@H]4Oc5cc(O)cc(O)c5C(=O)[C@@H]4O)ccc3OC2CO)ccc1O,1700.0
C#C[C@]1(O)CC[C@H]2[C@@H]3CCC4=CC(=O)CC[C@]4(C)[C@H]3[C@H](O)C[C@@]21C,5950.0
CC[C@]1(O)CC[C@H]2[C@@H]3CCC4=CC(=O)CC[C@]4(C)[C@H]3CC[C@@]21C,1530.0
COc1cc([C@H]2Oc3ccc([C@H]4Oc5cc(O)cc(O)c5C(=O)[C@@H]4O)cc3O[C@@H]2CO)ccc1O,16700.0
CC(C)=CCc1c(O)cc(-c2cc3ccc(O)cc3o2)cc1O,2270.0
O=C(O)/C(=C/c1ccc(O)cc1)NC(=O)c1ccccc1,180000.0
O=C(O)/C=C/c1ccc(O)cc1,121300.0
CC(=O)N/C(=C\c1ccc(O)cc1)C(=O)O,65000.0
CC1=CC(=O)CC(C)(C)[C@H]1CC[C@@H](C)O[C@@H]1O[C@H](CO)[C@@H](O)[C@H](O)[C@H]1O[C@@H]1O[C@@H](C)[C@H](O)[C@@H](O)[C@H]1O,190000.0
CCc1ccccc1NC(N)=S,27100.0
O=C(c1ccccc1)N1CCN(Cc2ccc(F)cc2)CC1,13340.0
CCCCC(=O)NC(=S)Nc1cccc(Cl)c1Cl,7750.0
CCCCC(=O)NC(=S)Nc1ccc(OC)cc1,1568.0
CCCCC(=O)NC(=S)Nc1ccc(Br)cc1F,6461.0
O=C1NC(=O)C(=Cc2ccc(O)c(O)c2)C(=O)N1,1520.0
COc1cc(C=C2C(=O)NC(=O)NC2=O)ccc1O,5500.0
C/C(CCc1ccc(OCc2ccccc2)cc1)=N\NC(N)=S,217.0
C/C(=N\NC(N)=S)c1cccc(NC(=O)C(C)C)c1,3620.0
C/C(=N\NC(N)=S)c1cccc(NC(=O)C(F)(F)F)c1,5760.0
O=C(/C=C/c1ccc(O)cc1O)Nc1ccccc1,25.6
NC(=S)N/N=C/c1ccc(Br)cc1,280.0
NC(=S)N/N=C/c1ccc(Cl)cc1,6700.0
COc1ccc(C(=O)OC[C@H]2O[C@H]3c4c(cc(OC)c(OC)c4OC)C(=O)O[C@@H]3[C@@H](O)[C@@H]2O)cc1O,38800.0
S=c1oc(Cc2cccc3ccccc23)nn1CN1CCCC1,1330.0
O=c1cc(CS(=O)(=O)C2CCCCC2)occ1O,69010.0
CCc1cc(C(N)=S)ccn1,4000.0
O=Cc1ccc(O[C@@H]2O[C@H](CO)[C@@H](O)[C@@H](O)[C@H]2O)cc1,2540000.0
Cc1c(O)cccc1O,1415000.0
O=C/C=C/c1ccccc1,520000.0
COc1cc(/C=C2\SC(=S)NC2=O)ccc1O,11080000.0
CC1=CC(=O)CC(C)(C)[C@@H]1/C=C/[C@@H](C)O[C@@H]1O[C@H](CO)[C@@H](O)[C@H](O)[C@H]1O[C@@H]1O[C@@H](C)[C@H](O)[C@@H](O)[C@H]1O,150000.0
NC(=S)N/N=C/Cc1ccccc1,7000.0
COc1cc([C@H]2Oc3cc(O)cc(O)c3C(=O)[C@@H]2O)ccc1O,51200.0
CC(C)[C@@H]1NC(=O)[C@@H]2CCCN2C(=O)[C@H](Cc2ccc(OCc3ccccc3)cc2)NC(=O)[C@@H]2CCCN2C1=O,1500000.0
NC(=S)N/N=C/c1ccc(O)cc1,410.0
Oc1cccc(O)c1,1440000.0
O=C1CSC(c2ccccc2O)N1c1ccc(-c2ccc(N3C(=O)CSC3c3ccccc3O)cc2)cc1,610.0
Oc1ccc(/C=N/c2ccccc2)cc1,145000.0
Oc1ccc(/N=C/c2ccc(O)c(O)c2)cc1,17220.0
CC[C@H](C)[C@H](NC(=O)[C@H](CS)NC(=O)[C@H](C)NC(=O)[C@@H](NC(=O)[C@H](CCCNC(=N)N)NC(=O)[C@H](C)NC(=O)[C@@H](NC(=O)[C@H](CC(N)=O)NC(=O)[C@@H](NC(=O)[C@H](CCSC)NC(=O)[C@H](Cc1c[nH]c2ccccc12)NC(=O)[C@H](Cc1cnc[nH]1)NC(=O)[C@@H](NC(=O)[C@@H](N)CS)C(C)C)[C@@H](C)O)[C@@H](C)O)[C@@H](C)O)C(=O)N[C@@H](C)C(=O)N1CCC[C@H]1C(=O)O,176000.0
Nc1ccc(C(=O)N2CCN(Cc3ccc(F)cc3)CC2)c(N)c1,3670.0
C[C@H](NC(=O)[C@H](CO)NC(=O)[C@H](CS)NC(=O)[C@H](CO)NC(=O)[C@@H](NC(=O)[C@H](CCCNC(=N)N)NC(=O)[C@@H](N)Cc1ccccc1)[C@@H](C)O)C(=O)N[C@@H](CS)C(=O)O,78000.0
CC(C)[C@H](NC(=O)[C@H](CCCNC(=N)N)NC(=O)[C@H](Cc1ccccc1)NC(=O)[C@H](CS)NC(=O)[C@H](CCCNC(=N)N)NC(=O)[C@H](CO)NC(=O)[C@@H](N)[C@@H](C)O)C(=O)N[C@@H](CS)C(=O)O,106000.0
O=C(O)c1cccnc1S,80000.0
O=C(CC(CC(=O)c1ccccc1O)c1ccc(O)cc1O)c1ccccc1O,1670.0
NC(=S)N/N=C/c1cc(O)c2c(c1)C(=O)c1cccc(O)c1C2=O,24520.0
O=C1CC(c2ccc(O)cc2O)Oc2ccccc21,970.0
CCCc1cc(C(N)=S)ccn1,4500.0
COc1ccc(C(=O)N/N=C/c2ccc(OC(C)=O)c(OC)c2)cc1OC,28260.0
CC(C)[C@H](NC(=O)[C@H](CO)NC(=O)[C@H](CCCNC(=N)N)NC(=O)[C@H](CS)NC(=O)[C@@H](NC(=O)[C@H](CCCNC(=N)N)NC(=O)[C@@H](N)Cc1ccccc1)[C@@H](C)O)C(=O)N[C@@H](CS)C(=O)O,73000.0
CC[C@H](C)[C@H](NC(=O)[C@H](CS)NC(=O)[C@@H](NC(=O)[C@@H](NC(=O)[C@H](CCCNC(=N)N)NC(=O)[C@H](C)NC(=O)[C@@H](NC(=O)[C@H](CC(N)=O)NC(=O)[C@@H](NC(=O)[C@H](CCCNC(=N)N)NC(=O)[C@H](Cc1ccccc1)NC(=O)[C@H](CCCNC(=N)N)NC(=O)[C@@H](NC(=O)[C@@H](N)CS)C(C)C)[C@@H](C)O)[C@@H](C)O)[C@@H](C)O)C(C)C)C(=O)N[C@@H](C)C(=O)N1CCC[C@H]1C(=O)O,166000.0
COc1ccc(C(C)=O)cc1,2000000.0
NC(=S)N/N=C/c1cccc(O)c1,3900.0
COc1cc(/C=N/NC(N)=S)ccc1O,5680.0
NC(=S)N/N=C/c1ccc(OCCO)cc1,530.0
COCCOc1ccc(/C=N/NC(N)=S)cc1,750.0
CCCCC(=O)OCc1csc(/C=N/NC(N)=S)c1,110.0
NC(=S)N/N=C/c1cc(COC(=O)c2ccccc2)cs1,68.0
Oc1cccc(-c2ccc3cc(O)ccc3c2)c1,6400.0
CC(=O)Nc1ccc(/N=N/c2c(N)nc(N)nc2Cl)cc1,24400.0
O=C(c1cccc(Cl)c1)N1CCN(Cc2ccc(F)cc2)CC1,5300.0
NC(=S)c1ccncc1,43800.0
Oc1ccc(-c2nc3ccccc3s2)c(O)c1,10.0
NNC(N)=S,2000000.0
CC(=O)OC[C@H]1O[C@@H](Oc2ccc(C=O)cc2)[C@H](OC(C)=O)[C@H](OC(C)=O)[C@@H]1OC(C)=O,780000.0
CC(=O)OC[C@H]1O[C@@H](Oc2ccc(C=C3C(=O)NC(=O)NC3=O)c(O)c2)[C@H](OC(C)=O)[C@@H](OC(C)=O)[C@@H]1OC(C)=O,1730000.0
CC(=O)OC[C@H]1O[C@@H](Oc2ccc(C=C3C(=O)NC(=S)NC3=O)c(O)c2)[C@H](OC(C)=O)[C@@H](OC(C)=O)[C@@H]1OC(C)=O,280000.0
Nc1ccccc1C(=O)N1CCN(Cc2ccc(F)cc2)CC1,10940.0
OC[C@H]1O[C@@H](OCCCCCCCCCCCCCCc2ccc(O)cc2O)[C@H](O)[C@@H](O)[C@@H]1O,390.0
C/C=C/COC(=O)CCC(=O)c1cc(C(C)C)c(OCC)cc1C,102300.0
C[C@H](CCc1ccc(O)cc1O)O[C@@H]1O[C@H](CO)[C@@H](O[C@@H]2O[C@H](CO)[C@@H](O)[C@H](O)[C@H]2O)[C@H](O)[C@H]1O,1510.0
COc1cc(C=C2C(=O)NC(=S)NC2=O)ccc1O,7800.0
O=C1NC(=O)C(=Cc2ccc(O)cc2O)C(=O)N1,17150.0
CC[C@H](C)[C@H](NC(=O)OCc1ccccc1)C(=O)OCc1cc(=O)c(O)c[nH]1,15620.0
COc1ccc(/C=C/C(=O)Oc2cc(OC)ccc2C(C)=O)cc1,77400.0
COc1ccc(C(C)=O)c(OC(=O)/C=C/c2ccc(Cl)cc2)c1,163800.0
CCOC(=O)CCC(=O)c1cc(C(C)C)c(OCC)cc1C,212300.0
COc1ccc(/C=C/C(=O)O)cc1O,115200.0
CCCCCCCCCC(=O)N/C(=C\c1ccc(O)cc1)C(=O)O,130000.0
O=C1OC(c2ccc(/N=N/c3ccc(N4CCOCC4)cc3)cc2)=N/C1=C/c1ccc(Cl)cc1,18910.0
O=C1OC(c2ccc(/N=N/c3ccc(N4CCOCC4)cc3)cc2)=N/C1=C/c1ccccc1,17220.0
COc1cc(/C=C/C(=O)c2cc(OC)c(OC)c(-c3cc(C(=O)/C=C/c4ccc(O)c(OC)c4)cc(OC)c3OC)c2)ccc1O,22.0
N/C(S)=N/N=C/c1ccc([N+](=O)[O-])cc1,1740.0
O=C1/C(=C/c2ccc(O)c(Br)c2)CSc2ccccc21,4100.0
CC(C)[C@H](NC(=O)[C@H](CO)NC(=O)[C@H](CCCNC(=N)N)NC(=O)[C@H](CS)NC(=O)[C@H](CO)NC(=O)[C@@H](NC(=O)[C@H](CCCNC(=N)N)NC(=O)[C@H](Cc1ccccc1)NC(=O)[C@@H](N)Cc1ccccc1)[C@@H](C)O)C(=O)N[C@@H](CS)C(=O)O,127000.0
CC(C)[C@H](NC(=O)[C@H](CCCNC(=N)N)NC(=O)[C@H](CS)NC(=O)[C@H](CO)NC(=O)[C@H](CCCNC(=N)N)NC(=O)[C@H](Cc1ccccc1)NC(=O)[C@@H](N)Cc1ccccc1)C(=O)N[C@@H](CS)C(=O)O,90000.0
C=CCOC(=O)CCC(=O)c1cc(C(C)C)c(OCC)cc1C,125600.0
O=c1c(O)c(-c2ccc(O)c(O)c2)oc2cc(O)cc(O)c12,240000.0
COc1ccc(/C(C)=N/NC(=S)NN)cc1,109600.0
C/C(Cc1ccc(OCc2ccccc2)cc1)=N\NC(N)=S,340.0
COc1ccc(/C=C/C(=O)NCCCCNC(=O)/C=C/c2ccc(OC)c(O)c2)cc1O,80200.0
NC(=S)c1ccccn1,14400.0
CCCCOCCOc1ccc(/C=N/NC(N)=S)cc1,920.0
COc1cc(C=O)cc(OC)c1OCc1cn(Cc2cc(=O)c(O)co2)nn1,3750.0
COc1cc(/C=C/C=O)ccc1O,240000.0
C[C@@H](CCc1ccc(O)cc1O)O[C@@H]1O[C@H](CO)[C@@H](O)[C@H](O)[C@H]1O,4720.0
CN1[C@@H]2CC[C@H]1C/C(=N/Nc1nc(-c3ccc(N=[N+]=[N-])cc3)cs1)C2,72300.0
COc1ccc(C(C)=O)c(OC(=O)/C=C/c2ccc(F)cc2)c1,8300.0
Cc1ccc(C(C)C)c(O)c1,5925000.0
O=C(CSc1nnc(-c2ccccc2)o1)Nc1ccc(I)cc1,85.0
COc1ccccc1/C=C/C=O,420000.0
O=c1cc(-c2ccc(O)cc2)oc2cc(O)cc(O)c12,305000.0
O=c1ccc2ccc(OCc3cn(Cc4cc(=O)c(O)co4)nn3)cc2o1,230.0
Cc1ccc(C(C)C)c(OCc2cn(Cc3cc(=O)c(O)co3)nn2)c1,690.0
COc1cc(C=O)ccc1OCc1cn(Cc2cc(=O)c(O)co2)nn1,1990.0
C/C=C/COC(=O)CCC(=O)c1cc(C)c(OCC)cc1C(C)C,244100.0
OC[C@H]1O[C@@H](OCCCCCCCCCCc2ccc(O)cc2O)[C@H](O)[C@@H](O)[C@@H]1O,410.0
COc1cccc(OC(=O)COC(=O)c2ccc(O)cc2O)c1,23800.0
COc1ccc(-c2cc3cc(Br)cc(OC)c3oc2=O)cc1,1360000.0
O=c1oc2c(O)cccc2cc1-c1ccc(O)cc1,1300000.0
O=c1oc2c(O)cc(Br)cc2cc1-c1ccc(O)cc1,215000.0
C/C(=N/NC(N)=S)c1ccc(C(C)C)cc1,1000.0
COc1cc(CC2C(=O)Nc3ccccc32)ccc1O,63370.0
O=C(/C=C/c1ccc(O)cc1)c1ccc(NS(=O)(=O)c2ccc(F)cc2)cc1,29100.0
O=C(NCc1ccccc1)c1ccccc1,1990000.0
CCOC(OCC)c1ccc(/C=C2\Cc3ccccc3C2=O)cc1,6830.0
O=C(c1ccccc1)N1CCC(Cc2ccc(F)cc2)CC1,19500.0
O=P(O)(c1ccccc1)C(NCc1ccccc1)c1ccccn1,310000.0
COC(=O)c1ccc(OCc2cn(Cc3cc(=O)c(O)co3)nn2)cc1,460.0
NC(=S)N/N=C/c1ccc(F)cc1,11000.0
NC(=S)c1cccnc1,7500.0
OC[C@H]1O[C@@H](Oc2c(O)cc(O)cc2O)[C@H](O)[C@@H](O)[C@@H]1O,410000.0
O=C(O)CSc1nnc(NC(=S)Nc2ccc(F)c(F)c2)s1,20500.0
O=Cc1ccoc1,15000.0
O=c1cc(Cn2cc(COc3ccc([N+](=O)[O-])cc3)nn2)occ1O,60.0
Oc1cc(O)cc(-c2ccc3cc(O)ccc3c2)c1,16520.0
CCCCc1ccc(/C(C)=N/NC(N)=S)cc1,339.0
COC(=O)CCc1ccc(/C(C)=N/NC(N)=S)cc1,236.0
CCOc1ccc(-c2ccc(/C(C)=N/NC(N)=S)cc2)cc1,17566.0
O=C(O)/C=C/c1ccccc1O,670000.0
Nc1cccc(C(=O)N2CCN(Cc3ccc(F)cc3)CC2)c1,3810.0
O=C(c1cccc([N+](=O)[O-])c1)N1CCN(Cc2ccc(F)cc2)CC1,3600.0
Cc1ccc(C(=O)N2CCN(Cc3ccc(F)cc3)CC2)c(C)c1,3430.0
O=C(c1cccc(C(F)(F)F)c1)N1CCN(Cc2ccc(F)cc2)CC1,8430.0
O=C(c1ccc(Br)cc1)N1CCN(Cc2ccc(F)cc2)CC1,4610.0
O=C(c1ccccc1Br)N1CCN(Cc2ccc(F)cc2)CC1,2030.0
C/C(=N\NC(N)=S)c1ccc(N)cc1,2620.0
O=c1cc(CSc2ccc(O)cc2)occ1O,540.0
O=c1oc2c(O)cc(Br)cc2cc1-c1ccccc1,302000.0
[C-]#N.[K+],24000.0
O=Cc1cnc(Cl)s1,64000.0
Oc1cc(O)cc(Oc2c(O)cc(O)c3c2Oc2c(O)cc(Oc4c(O)cc(Oc5c(O)cc(O)c6c5Oc5c(O)cc(O)cc5O6)cc4O)cc2O3)c1,20000.0
C[C@@H](CCc1ccc(O)cc1O)O[C@@H]1O[C@H](CO)[C@@H](O[C@@H]2O[C@H](CO)[C@@H](O)[C@H](O)[C@H]2O)[C@H](O)[C@H]1O,3830.0
O=C1NC(=S)S/C1=C\c1ccc(O)cc1,10060000.0
Cc1ccc(-c2csc(N/N=C3\C[C@H]4CC[C@@H](C3)N4C)n2)cc1,101200.0
CN1[C@@H]2CC[C@H]1C/C(=N/Nc1nc(-c3ccc(C(F)(F)F)cc3)cs1)C2,33740.0
COc1ccc(C(=O)N/N=C/c2ccc(Cl)cc2)cc1OC,19720.0
O=S([O-])O.[Na+],210000.0
CCCCCCc1ccc(O)cc1O,560.0
COc1ccc(C(C)=O)c(OC(=O)/C=C/c2ccc(C)cc2)c1,39000.0
CCCCOC(=O)CCC(=O)c1cc(C(C)C)c(OCC)cc1C,191400.0
N=C(N)NN=C1C=CC(=NNC(N)=S)C=C1,15000.0
Oc1ccccc1/C=N/c1ccccc1,250000.0
Cc1ccc(S(=O)(=O)Oc2ccccc2/N=N/c2ccc(O)cc2O)cc1,17850.0
O=C(COC(=O)c1ccc(O)cc1O)Oc1ccc2oc(=O)ccc2c1,8960.0
O=C(/C=C/c1cccc(Cl)c1)NCCN1CCOCC1,15200.0
O=C/C=C/c1ccccc1O,470000.0
NC(=S)N/N=C/CCc1ccccc1,400000.0
CC(C)c1ccc(/C=N/NC(N)=S)cc1,2830.0
NC(=S)NCc1ccccc1,25400.0
CNC(=S)N/N=C(\C)c1ccccc1,213000.0
NC(=S)N/N=C/c1ccc(OCOCCO)cc1,370.0
CCCOc1ccc(/C=N/NC(N)=S)cc1,3030.0
CNC(=S)N/N=C(\C)c1ccccc1O,108000.0
CC(=O)Oc1ccc2ccccc2c1/N=N/c1ccc(C2=N/C(=C/c3ccc(F)cc3)C(=O)O2)cc1,3910.0
Oc1ccc(/C=C/c2cc(O)cc(O)c2)cc1,55610.0
COCCCCOc1ccc(/C=N/NC(N)=S)cc1,410.0
NC(=S)N/N=C/c1ccc(OCOC(CO)CO)cc1,940.0
CC(C)Oc1ccc(/C=N/NC(N)=S)cc1,900.0
NC(=S)N/N=C/c1cc(CO)cs1,670.0
NC(=S)N/N=C/c1ccc(-c2ccccc2)s1,670.0
O=c1cc(CO)oc(CN2CCN(Cc3ccc(Cl)c(Cl)c3)CC2)c1O,86200.0
O=c1cc(Cn2cc(COc3ccc4ccccc4c3)nn2)occ1O,60.0
O=C(/C=C/c1ccc(O)c(O)c1)O[C@H](Cc1ccc(O)c(O)c1)C(=O)O,250000.0
O=c1cc(Cn2cc(COc3cccc4ccccc34)nn2)occ1O,60.0
O=c1cc(Cn2cc(COc3ccccc3)nn2)occ1O,60.0
O=C1NC(=S)S/C1=C\c1ccccc1O,9550000.0
NC(=S)c1ccccc1,2800.0
Oc1ccc(-c2nc3ccccc3s2)cc1,1140.0
CC(C)C[C@H](NC(=O)[C@@H](N)Cc1ccccc1)C(=O)NCc1cc(=O)c(O)c[nH]1,6930.0
Oc1ccc(CCc2ccc(F)cc2)c(O)c1,49580.0
O=C(O)c1ccccc1,224500.0
Oc1nc(-c2ccc(F)cc2)nc2ccccc12,120000.0
CNC(=S)N/N=C(\C)c1ccc(OC)cc1,65000.0
NC(=S)N/N=C/c1ccccc1O,380.0
COc1ccc(/C=N/NC(N)=S)cc1O,4880.0
NC(=S)N/N=C/c1cc(COC=O)cs1,196.0
Cc1cc(=O)[nH]c(=S)[nH]1,142000.0
CC(=O)Nc1ccc(/C=N/NC(N)=S)cc1,14000.0
C[C@]12CC[C@@H](O)[C@@](C)(C(=O)O)[C@@H]1CC[C@]1(C)[C@@H]2CC[C@@H]2[C@H]3[C@H]([C@](C)(O)CO)CC[C@]3(C(=O)O)CC[C@]21C,8610.0
O=C1c2c(O)cc(O)cc2O[C@H](c2ccc(O)cc2)[C@H]1O,73600.0
CC(=O)c1ccccc1,850000.0
CCCCC(=O)NC(=S)Nc1ccc(Cl)cc1,2316.0
CCCCC(=O)NC(=S)Nc1c(Br)cc(F)cc1Br,19537.0
CCCCC(=O)NC(=S)Nc1ccc([N+](=O)[O-])cc1[N+](=O)[O-],10079.0
COc1ccc(/N=C/c2ccc(O)c(O)c2)cc1,61690.0
CC(=O)N1CCN(Cc2ccc(F)cc2)CC1,45850.0
Cc1cccc(C(=O)N2CCN(Cc3ccc(F)cc3)CC2)c1,173820.0
O=C(O)c1ccc(Cl)cc1O,520000.0
NC(=S)N/N=C/c1cc(O)ccc1O,6500.0
C/C(=N\NC(N)=S)c1cccs1,1406.0
O=C(O)c1ccccc1O,100000.0
O=c1c(O)c(-c2ccc(O)cc2)oc2cc(O)cc(O)c12,171400.0
Oc1ccc2c(c1)OCO2,6700.0
O=C1O[C@H]([C@@H](O)CO)C(O)=C1O,140000.0
O=C1/C(=C/c2ccc(O)cc2)Oc2cc(O)cc(O)c21,38700.0
O=C1c2c(O)cc(O)cc2O[C@H](c2ccc(O)c(O)c2)[C@H]1O,27000.0
Cc1cccc(NC(N)=S)c1,600.0
NC(=S)N/N=C/c1ccc2ccccc2n1,70000.0
O=Cc1ccc(O[C@@H]2OC[C@@H](O)[C@@H](O)[C@H]2O)cc1,280000.0
CC(/C=C/C=C(\C)C(=O)O[C@@H]1O[C@H](CO[C@@H]2O[C@H](CO)[C@@H](O)[C@H](O)[C@H]2O)[C@@H](O)[C@H](O)[C@H]1O)=C\C=C\C=C(C)\C=C\C=C(/C)C(=O)O[C@@H]1O[C@H](CO[C@@H]2O[C@H](CO)[C@@H](O)[C@H](O)[C@H]2O)[C@@H](O)[C@H](O)[C@H]1O,140000.0
C[C@@H]1O[C@@H](Oc2c(-c3cc(O)c(O)c(O)c3)oc3cc(O)cc(O)c3c2=O)[C@H](O)[C@H](O)[C@H]1O,320000.0
O=Cc1cc(O)c2c(c1)C(=O)c1cccc(O)c1C2=O,108620.0
Oc1ccc(-c2ccc3cc(O)ccc3c2)c(O)c1,34.0
NC(=S)N/N=C/c1c[nH]c2ccccc12,600000.0
COc1ccc(C=C2C(=O)NC(=S)NC2=O)cc1,70120.0
C[C@@H]1O[C@@H](OC[C@H]2O[C@@H](Oc3c(-c4ccc(O)c(O)c4)oc4cc(O)cc(O)c4c3=O)[C@H](O)[C@@H](O)[C@@H]2O)[C@H](O)[C@H](O)[C@H]1O,130000.0
C[C@@H]1O[C@@H](Oc2c(-c3ccc(O)c(O)c3)oc3cc(O)cc(O)c3c2=O)[C@H](O)[C@H](O)[C@H]1O,150000.0
CCSCc1cc(=O)c(O)co1,2600.0
COc1cc(O)c2c(c1CC=C(C)C)O[C@H](c1ccc(O)cc1O)CC2,810.0
C#C[C@]1(O)CC[C@H]2[C@@H]3CCC4=CC(=O)CC[C@]4(C)[C@H]3CC[C@@]21C,2610.0
N/C(S)=N/N=C/c1ccccn1,45000.0
CCCc1cc(=O)[nH]c(=S)[nH]1,170000.0
CCc1ccc(O)cc1O,1100.0
CC(=O)N1N=C(c2ccccc2O)CC1c1ccc(O)cc1,13100.0
Oc1ccc(C2CC(c3ccccc3O)=NN2)cc1,11800.0
Oc1ccc(CCc2ccccc2Cl)c(O)c1,33810.0
CN(C)c1ccc(/C=C2\Cc3ccccc3C2=O)c([N+](=O)[O-])c1,8120.0
Oc1ccc(CCc2ccccc2)c(O)c1,30560.0
NC(=S)N/N=C/c1ccc2ccccc2c1,1100000.0
O=Cc1ccco1,43000.0
COc1cc(OC)cc(OCc2cn(Cc3cc(=O)c(O)co3)nn2)c1,60.0
CCOC(=O)n1ccn(C)c1=S,186000.0
C/C(=N\C#N)N(C)Cc1ccc(Cl)nc1,1740000.0
COc1ccccc1-c1nnc(SCC(=O)Nc2ccccc2)o1,3.0
O=C(/C=C/c1cc(=O)c(O)c[nH]1)c1ccc(F)cc1,2250.0
Nc1ccc(C(=O)O)cc1,3800.0
O=C(OCc1cc(=O)c(O)co1)c1ccc2c(c1)OCO2,1520.0
O=Cc1ccccc1,177000.0
NC(=S)N/N=C/c1ccc(-c2ccccc2)cc1,2781.0
O=c1c(O)c(-c2cc(O)c(O)c(O)c2)oc2cc(O)cc(O)c12,210000.0
O=C1/C(=C/c2ccc(=O)n(O)c2)Oc2cc(O)ccc21,1500.0
O=C1/C(=C/c2ccc(O)cc2)Oc2cc(O)ccc21,38400.0
CCCCOC(=O)/C=C/c1ccc(O)cc1,69000.0
O=C1NC(=O)/C(=C/c2ccc(O)cc2)S1,13360.0
COc1cc(C=O)ccc1O,4103000.0
O=Cc1cccnc1,28000.0
O=C1/C(=C/c2ccc(O)cc2O)Oc2cccc(O)c21,4000.0
O=C(N[C@@H](Cc1ccccc1)C(=O)OCc1cc(=O)c(O)c[nH]1)OCc1ccccc1,8970.0
C/C(=N\N=C(\N)S)c1ccc(-c2ccccc2)cc1,384.0
O=C(CSc1nnc(-c2ccccc2)o1)Nc1ccccc1,231.0
O=C1/C(=C/c2ccc(O)cc2)Oc2cccc(O)c21,31700.0
O=c1ccc2ccc(O)cc2o1,420000.0
CC(C)C(=O)Nc1nc(-c2ccc(O)cc2O)cs1,108000.0
CC(=O)/C=C/Nc1nc(-c2ccc(O)cc2O)cs1,3500.0
C[C@H](NC(=O)OCc1cc(=O)c(O)co1)C(=O)O,23210.0
O=C(N[C@@H](Cc1ccccc1)C(=O)N[C@@H](Cc1c[nH]c2ccccc12)C(=O)N[C@@H](Cc1c[nH]c2ccccc12)C(=O)O)OCc1cc(=O)c(O)co1,6170.0
O=C(OCCc1cccc(O)c1)c1cc(O)c(O)c(O)c1,15210.0
O=C(O)C[C@H](NC(=O)[C@H](Cc1c[nH]c2ccccc12)NC(=O)[C@H](Cc1ccccc1)NC(=O)OCc1cc(=O)c(O)co1)C(=O)O,2130.0
O=C(N[C@@H](Cc1ccccc1)C(=O)N[C@@H](Cc1ccccc1)C(=O)N[C@@H](Cc1ccc(O)cc1)C(=O)O)OCc1cc(=O)c(O)co1,330.0
CN(c1nc(-c2ccc(O)cc2O)cs1)C1CCCCC1,40000.0
CC[C@H](C)[C@H](NC(=O)OCc1cc(=O)c(O)co1)C(=O)OCc1cc(=O)c(O)co1,700.0
COc1cc(-c2cccc(O[C@@H]3O[C@H](CO)[C@@H](O)[C@H](O)[C@H]3O)c2O)cc(OC)c1O,70000.0
CC(C)[C@H](NC(=O)OCc1cc(=O)c(O)co1)C(=O)O,16660.0
O=C(CCc1ccc(O)c(O)c1)c1c(O)cc(O)cc1O,32000.0
C[C@H](NC(=O)OCc1cc(=O)c(O)co1)C(=O)OCc1cc(=O)c(O)co1,3030.0
O=C(N[C@@H](Cc1ccccc1)C(=O)O)OCc1cc(=O)c(O)co1,8000.0
COc1ccc(C=O)c(O)c1,30000.0
C[C@H](CCc1ccc(O)cc1O)O[C@@H]1O[C@H](CO)[C@@H](O[C@H]2O[C@H](CO)[C@@H](O)[C@H](O)[C@H]2O)[C@H](O)[C@H]1O,1980.0
CCC(c1ccc(O)c(OC)c1)c1ccc(OC)cc1O,2830.0
C[C@@H]1O[C@@H](O[C@H]2C[C@@H]3[C@]4(CC[C@]5(C)[C@@H]([C@@]6(C)CC[C@@H](C(C)(C)O)O6)[C@@H](O)C[C@@]35C)C[C@@]43CC[C@H](O[C@@H]4OC[C@@H](O)[C@H](O)[C@H]4O)C(C)(C)[C@H]23)[C@H](O)[C@H](O)[C@H]1O,102390.0
COc1ccc(C2COc3c(ccc(O)c3CC=C(C)C)C2=O)c(O)c1,5100.0
CC1/C(=C\c2ccc(O)cc2O)C(=O)c2ccccc21,8200.0
CC[C@H](C)[C@H](NC(=O)OCc1cc(=O)c(O)co1)C(=O)O,15350.0
CC1(C)C=Cc2c(O)ccc(C3=Cc4ccc(O)cc4OC3)c2O1,7500.0
C#CCCCC(=O)Nc1nc(-c2ccc(O)cc2O)cs1,5600.0
CC(C)[C@H](NC(=O)OCc1cc(=O)c(O)co1)C(=O)OCc1cc(=O)c(O)co1,2390.0
COc1ccc2c(=O)c3ccccc3oc2c1,5140.0
O=c1c2ccccc2oc2c(O)cccc12,8460.0
COc1c(CC=C(C)C)c(O)cc2c1C[C@H](c1ccc(O)cc1O)CO2,177.0
CC(C)C[C@H](NC(=O)OCc1cc(=O)c(O)co1)C(=O)OCc1cc(=O)c(O)co1,2000.0
O=C(N[C@@H](Cc1c[nH]c2ccccc12)C(=O)N[C@@H](Cc1c[nH]c2ccccc12)C(=O)N[C@@H](Cc1ccc(O)cc1)C(=O)O)OCc1cc(=O)c(O)co1,780.0
OC[C@H]1O[C@@H](Oc2ccc(O)cc2O)[C@H](O)[C@@H](O)[C@@H]1O,417000.0
COc1cc(-c2ccccc2O[C@@H]2O[C@H](CO)[C@@H](O)[C@H](O)[C@H]2O)cc(OC)c1O,450000.0
OC[C@H]1O[C@H](O[C@H]2[C@H](O)[C@@H](O)[C@H](Oc3ccc(CCc4ccc(O)cc4O)c(O)c3)O[C@@H]2CO)[C@H](O)[C@@H](O)[C@@H]1O,830.0
O=C(NCCc1c[nH]c2cc(O)ccc12)c1cc(O)cc(O)c1,9100.0
O=C(N[C@@H](Cc1ccccc1)C(=O)N[C@@H](Cc1c[nH]c2ccccc12)C(=O)N[C@@H](Cc1ccc(O)cc1)C(=O)O)OCc1cc(=O)c(O)co1,240.0
COc1cc(C=O)c2c(=O)c3ccccc3oc2c1OC,29130.0
COc1c(-c2oc3cc(O)cc(O)c3c(=O)c2CC=C(C)C)cc(O)c(O)c1CC=C(C)C,45300.0
COC1=CC(=C/C=C/C=C2C=C(OC)C(=O)C(OC)=C2)C=C(OC)C1=O,2500.0
COc1cc(/C=C\C(=O)NCCCCNC(=O)/C=C/c2ccc(O)c(OC)c2)ccc1O,85000.0
O=C1/C(=C/c2ccc(O)cc2O)Sc2cc(O)ccc21,5800.0
O=c1cc(-c2ccc(O)c(O)c2)oc2cc(OS(=O)(=O)O)cc(O)c12,16000.0
CC(C)C[C@H](NC(=O)OCc1cc(=O)c(O)co1)C(=O)O,14510.0
O=C1/C(=C/c2ccc(O)cc2O)Oc2cc(O)cc(O)c21,7700.0
CC(C)=CCc1c(O)ccc(C[C@@H]2[C@H](c3c(O)ccc(C(=O)/C=C/c4ccc(O)cc4O)c3O)C=C(C)C[C@H]2c2ccc(O)cc2O)c1O,4620.0
CN(C)c1ccc(/C=C/C(=N\O)c2ccccc2O)cc1,7890.0
CC1(C)C=Cc2cc3cc(-c4ccc(O)cc4O)c(=O)oc3cc2O1,2800.0
C=C(C)C(=O)Cc1c(-c2ccc(O)cc2O)oc2c3c(cc(O)c2c1=O)OC(C)(C)C=C3,290000.0
CCCCCCn1cc(O)c(=O)cc1COC(=O)[C@@H](N)Cc1ccccc1,19200.0
CCC(c1ccc(O)c(OC)c1)c1cccc(O)c1O,2320.0
CCOc1ccc(S(=O)(=O)N[C@@H](CO)CC(C)C)cc1-c1nnc2c(n1)c(C)nn2C,27900.0
O=C(N[C@@H](Cc1ccccc1)C(=O)OCc1cc(=O)c(O)co1)OCc1cc(=O)c(O)co1,60.0
OC[C@H]1O[C@@H](O[C@H]2[C@H](O)[C@@H](O)[C@H](Oc3ccc(CCc4ccc(O)cc4O)c(O)c3)O[C@@H]2CO)[C@H](O)[C@@H](O)[C@@H]1O,680.0
CCCNc1nc(-c2ccc(O)cc2O)cs1,6200.0
Cl.N[C@@H](Cc1ccc(=O)n(O)c1)C(=O)O,73600.0
O=C(OCCc1ccccc1O)c1cc(O)c(O)c(O)c1,14500.0
N[C@@H](Cc1ccc(O)c(O)c1)C(=O)NCCCCCNc1cccc2c1C(=O)N(C1CCC(=O)NC1=O)C2=O,112700.0
O=C(Nc1nc(-c2ccc(O)cc2O)cs1)c1ccccc1,2500.0
COc1c(O)cc2oc3ccccc3c(=O)c2c1O,3010.0
O=C(/C=C/c1ccc(O)cc1)OC1=C(O)C(=O)O[C@@H]1[C@H](O)CO,10000.0
O=C1/C(=C/c2ccc(=O)n(O)c2)Oc2cccc(O)c21,30000.0
COc1ccc2c(=O)c3c(C)c(Br)c(OC)c(OC)c3oc2c1,5570.0
COc1c(O)ccc2c(=O)c3ccccc3oc12,3810.0
COc1ccccc1-c1cc(OC)c(O)c(OC)c1O[C@@H]1O[C@H](CO)[C@@H](O)[C@H](O)[C@H]1O,2210000.0
O=C1C[C@@H](c2ccc(O)cc2O)Oc2cc(O)cc(O)c21,980.0
COc1cc(C=O)c2c(=O)c3ccc(O)cc3oc2c1OC,3160.0
COc1cc2oc3ccccc3c(=O)c2cc1OC,8290.0
O=Cc1cc(O)c(O)c2oc3ccccc3c(=O)c12,89370.0
Cc1cc(O)c(O)c2oc3ccccc3c(=O)c12,8930.0
Oc1ccc(-c2csc(Nc3ncccn3)n2)cc1,19000.0
O=C(NC1CCCCC1)c1nc(-c2ccc(O)cc2O)cs1,56000.0
COc1ccc2c(=O)c3c(C)cc(OC)c(OC)c3oc2c1,2240.0
O=c1c2ccccc2oc2ccc(O)cc12,5600.0
COc1cccc2c1O/C(=C\c1ccc(O)cc1O)C2=O,80000.0
O=C1/C(=C/c2ccc(O)cc2O)Cc2cc(O)ccc21,3400.0
O=C1/C(=C/c2ccc(O)cc2O)Nc2ccccc21,12700.0
CC(C)(O)c1ccc(C(=O)Nc2nc(-c3ccc(O)cc3O)cs2)cc1,3200.0
C[C@@H](O)CCc1ccc(O)cc1,1200000.0
O=C(OCCc1ccc(O)cc1)c1cc(O)c(O)c(O)c1,4930.0
C[C@@H]1C[C@H]2O[C@]3(C[C@@]4(C)[C@@H]5[C@@H](O)C[C@H]6C(C)(C)[C@@H](O[C@@H]7OC[C@@H](O)[C@H](O)[C@H]7O)CC[C@@]67C[C@@]57CC[C@]4(C)[C@@H]13)O[C@@H]2C(C)(C)O[C@@H]1O[C@H](CO)[C@@H](O)[C@H](O)[C@H]1O,54640.0
COc1ccc2c(c1)O/C(=C\c1ccc(O)cc1O)C2=O,6900.0
O=C(N[C@@H](Cc1ccccc1)C(=O)N[C@@H](Cc1ccc(O)cc1)C(=O)N[C@@H](Cc1ccc(O)cc1)C(=O)O)OCc1cc(=O)c(O)co1,390.0
O=C(N[C@@H](Cc1ccccc1)C(=O)N[C@@H](Cc1c[nH]c2ccccc12)C(=O)N[C@@H](Cc1ccccc1)C(=O)O)OCc1cc(=O)c(O)co1,4480.0
OC[C@H]1O[C@@H](Oc2ccc(CCc3ccc(O)cc3O)c(O)c2)[C@H](O)[C@@H](O)[C@@H]1O,770.0
CC[C@H](C)[C@H](NC(=O)[C@H](Cc1c[nH]c2ccccc12)NC(=O)[C@H](Cc1ccccc1)NC(=O)OCc1cc(=O)c(O)co1)C(=O)O,2180.0
N[C@H](Cc1ccccc1)C(=O)O[C@H]1CC[C@H](c2ccc(O)cc2O)CC1,2000.0
C[C@H](O)CCc1ccc(O)cc1O,2170.0
C[C@@H](O)CCc1ccc(O)cc1O,1780.0
COC(=O)/C=C/c1ccc(O)c(O)c1SCCC(S)CCCCC(=O)O,30000.0
O=C(Nc1nc(-c2ccc(O)cc2O)cs1)c1ccc(CO)cc1,1600.0
O=C(/C=C/c1ccc(O)cc1)OC1=C(O)[C@@H]([C@H](O)CO)OC1=O,40000.0
Oc1ccc(-c2csc(Nc3ncccn3)n2)c(O)c1,3200.0
O=C(O)/C=C/c1ccc(O)c(O)c1SCCC(S)CCCCC(=O)O,76000.0
Nc1nc(-c2ccc(O)cc2O)cs1,51000.0
CC(=O)O[C@@H]1[C@@H](O[C@@H]2OC[C@H](O)[C@H](O)[C@H]2O)[C@H](O[C@H]2CC[C@]34C[C@]35CC[C@]3(C)[C@@H]([C@@]6(C)CC[C@H](C(C)(C)O)O6)[C@@H](O)C[C@@]3(C)[C@@H]5C[C@H](O[C@@H]3OC[C@@H](O)[C@H](O)[C@H]3O)[C@H]4C2(C)C)OC[C@H]1O,13950.0
CC(C)(O)[C@@H]1CC[C@](C)([C@H]2[C@@H](O)C[C@@]3(C)[C@@H]4C[C@H](O[C@H]5O[C@@H](CO)[C@H](O)[C@H](O)[C@@H]5O)[C@H]5C(C)(C)[C@@H](O[C@@H]6OC[C@@H](O)[C@H](O)[C@H]6O)CC[C@@]56C[C@@]46CC[C@]23C)O1,92250.0
CC1(C)C=Cc2c(ccc3c2OC[C@@H](c2ccc(O)cc2O)C3)O1,90.0
COc1ccc2c(=O)c3ccccc3oc2c1OC,5120.0
COc1cc(C(Br)Br)c2c(=O)c3ccccc3oc2c1OC,3370.0
O=C1/C(=C/c2ccc(=O)n(O)c2)Oc2cc(O)cc(O)c21,30000.0
Oc1cc(O)cc(-c2cc3ccc(O)cc3o2)c1,8000.0
Cc1cc(O)c(O)c2oc3cc(O)ccc3c(=O)c12,3280.0
O=c1c2ccccc2oc2cccc(O)c12,8830.0
N[C@@H](Cc1ccc(O)c(O)c1)C(=O)O,8400000.0
N[C@@H](Cc1ccccc1)C(=O)N[C@@H](Cc1ccccc1)C(=O)OCc1cc(=O)c(O)c[nH]1,26200.0
O=C1/C(=C/c2ccc(O)cc2O)Sc2ccccc21,5900.0
O=C(Nc1nc(-c2ccc(O)cc2O)cs1)C1CCCCC1,4600.0
CN(C)c1cc(O)c2c(c1)O/C(=C\c1ccc(O)cc1O)C2=O,18400.0
O=C1/C(=C/c2ccc(O)cc2O)Nc2cc(O)ccc21,2300.0
CC(C)c1ccc(C=O)cc1,50000.0
CC(=O)Nc1nc(-c2ccc(O)cc2O)cs1,3200.0
COc1ccc2c(=O)c3ccccc3oc2c1O,5200.0
O=c1c2ccccc2oc2ccc(O)c(O)c12,7800.0
O=C(/C=C/c1ccc(O)cc1O)c1ccccc1,60000.0
O=C(NC1CCCCC1)c1csc(-c2ccc(O)cc2O)n1,3200.0
COC(=O)CN1C(=O)N(CCCCN2CCN(c3ccccc3OC)CC2)C(c2ccccc2)(c2ccccc2)C1=O,1070.0
O=C(/C=C/c1ccc(O)cc1)/C=C/c1ccc(O)cc1,79050.0
COc1cc([N+](=O)[O-])ccc1/C=C/C(=N\O)c1ccccc1O,4770.0
CC1=C(O)C(=O)CO1,50000.0
COc1cc2c(c(OC)c1CC=C(C)C)C[C@H](c1ccc(O)cc1O)CO2,154.0
C[C@@H](CCc1ccc(O)cc1O)O[C@@H]1O[C@H](CO)[C@@H](O[C@H]2O[C@H](CO)[C@@H](O)[C@H](O)[C@H]2O)[C@H](O)[C@H]1O,4130.0
COc1ccccc1N1CCN(CCCCN2C(=O)N(C)C(=O)C2(c2ccccc2)c2ccccc2)CC1,7360.0
CC(C)(C)C(=O)Nc1nc(-c2ccc(O)cc2O)cs1,5700.0
O=C1/C(=C/c2c(O)cc(O)cc2O)Oc2cc(O)ccc21,15000.0
COc1ccc2oc3ccccc3c(=O)c2c1,8470.0
O=c1c2ccccc2oc2cc(O)c(O)cc12,5700.0
CC(C)(O)[C@@H]1CC[C@](C)([C@H]2[C@@H](O)C[C@@]3(C)[C@@H]4C[C@H](O[C@@H]5OC[C@@H](O)[C@H](O)[C@H]5O)[C@H]5C(C)(C)[C@@H](O[C@@H]6OC[C@@H](O)[C@H](O)[C@H]6O[C@@H]6OC[C@H](O)[C@H](O)[C@H]6O)CC[C@@]56C[C@@]46CC[C@]23C)O1,48920.0
O=C1/C(=C/c2ccc(O)cc2O)Oc2ccc(O)cc21,19000.0
Cc1c(O)ccc2c1O/C(=C\c1ccc(O)cc1O)C2=O,80000.0
COc1c(CC=C(C)C)c(O)c([C@H](CC(C)C)c2c(O)c(CC=C(C)C)c(O)c(C(C)=O)c2O)c(O)c1C(C)=O,333000.0
O=C1/C(=C/c2ccc(O)cc2O)Cc2c(O)cccc21,1600.0
O=c1c2cc(O)ccc2oc2cccc(O)c12,4520.0
COc1ccc(C=O)cc1,320000.0
CC(C)(C)c1cc(O)ccc1O,54200.0
O=C1/C(=C/c2ccc(O)cc2O)Oc2ccccc21,18000.0
CCCCCCc1ccc(O)c(C)c1O,93000.0
Oc1ccc(-c2csc(NC3CCCCC3)n2)c(O)c1,16000.0
O=C1/C(=C/c2ccc(O)cc2O)Oc2cc(O)ccc21,6400.0
OCc1ccc(Nc2nc(-c3ccc(O)cc3O)cs2)cc1,5700.0
COc1ccc2oc3ccccc3c(=O)c2c1OC,4020.0
COC(=O)/C=C/c1ccc(O)cc1,30000.0
O=C1/C(=C/c2ccc(O)cc2O)Sc2c(O)cccc21,48000.0
COc1ccc2c(=O)c3c(C)c(Cl)c(OC)c(OC)c3oc2c1,1900.0
O=c1cc(-c2ccc(O)cc2O)oc2cc(O)cc(O)c12,23.0
COc1cc(C)c2c(=O)c3ccccc3oc2c1OC,2000.0
O=C1/C(=C/c2ccc(O)cc2O)Oc2cc(F)cc(F)c21,88000.0
O=C(O)c1ccc(Nc2nc(-c3ccc(O)cc3O)cs2)cc1,2600.0
O=C1/C(=C/c2ccc(O)cc2O)Oc2c1ccc(O)c2O,11800.0
CC(C)Nc1nc(-c2ccc(O)cc2O)cs1,1100.0
O=c1c2ccccc2oc2cc(O)ccc12,9260.0
O=c1c2ccccc2oc2ccccc12,8840.0
CC(C)(O)CCC(=O)[C@@](C)(O)[C@H]1[C@H](O)C[C@@]2(C)[C@@H]3CC=C4[C@@H](C=C(O[C@@H]5O[C@H](CO)[C@@H](O)[C@H](O)[C@H]5O)C(=O)C4(C)C)[C@]3(C)C(=O)C[C@]12C,85010.0
O=c1c2ccc(O)cc2oc2cc(O)ccc12,4420.0
COc1cccc2oc3ccccc3c(=O)c12,5140.0
COc1cccc2c(=O)c3ccccc3oc12,5330.0
COc1cc(/C=C/C(=O)NCCc2ccc(O)c(O)c2)ccc1O,50000.0
CCCCCCCCCCCCC/C=C1\C(=O)O[C@@](C)(OC)[C@@H]1O,1000.0
CC(C)(C)c1ccc(O)cc1,10000.0
O=C(O)c1ccc(O)cc1,9350.0
Cl.N[C@H](Cc1ccc(=O)n(O)c1)C(=O)O,277000.0
CCOc1ccc(S(=O)(=O)N[C@H](C)CO)cc1-c1nnc2c(n1)c(C)nn2C,30760.0
COc1cc(/C=C/C(=O)CC(=O)/C=C/c2ccc(O)c(OC)c2)ccc1O,5000.0
C=C1OC(=O)/C(=C\CCCCCCCCCCCCC)[C@H]1O,1000.0
CC(c1ccccc1)c1ccc(O)cc1O,131000.0
O=C1/C(=C/c2ccc(O)cc2O)Oc2c(O)cccc21,1570.0
O=c1cc(-c2ccc(O)c(O)c2)oc2cc(O)cc(O)c12,60000.0
O=c1c2ccccc2oc2c(O)c(O)ccc12,5120.0
Oc1ccc2cc[nH]c2c1,22000.0
O=C(/C=C/c1ccc(O)cc1)OC[C@H]1O[C@@H](Oc2c(-c3ccc(O)cc3)oc3cc(O)cc(O)c3c2=O)[C@H](O)[C@@H](O)[C@@H]1O,78530.0
O=C1/C(=C/c2ccc(O)cc2O)Oc2c1ccc(O)c2I,32000.0
C/C=C/c1ccc(O)c(OC)c1,33330.0
